word,frequency
<<<<<<< HEAD
aadlaw,1
abadilla,1
abaga,7
abaraham,1
abarim,2
abiabi,1
abiabihon,1
abialbon,1
abias,4
abidan,2
abiezer,2
abiktima,1
abilidad,48
abimael,2
abimelec,1
abisai,4
abisua,1
abitob,1
abiu,7
abli,8
ablihan,6
ablihi,1
abog,4
abohan,1
abohon,7
abokado,5
abreha,1
abrehan,3
abriha,1
abrihan,3
abrihi,2
abrolhosensis,1
abrona,3
abscbn,1
abtan,1
abtanan,3
abtik,4
abton,1
abug,8
abughoan,2
abuhon,2
abunda,4
aburido,3
abusado,1
abutanan,4
accropora,1
achab,6
achaz,2
achis,2
achitophel,2
achsaph,1
acrabim,1
actiniformis,3
acul,1
adada,1
adaias,1
adalwa,1
adaw,1
adbays,1
adbertisment,2
adbokasiya,1
adlalw,1
adlaw,514
adlawa,109
adlawadlaw,25
adlawan,1
adlawng,9
administrasyon,8
administrasyong,1
administratibo,1
adminstrador,1
adobong,6
adobosilog,1
adonibezec,1
adoraim,1
adoram,3
adosilog,4
adtoa,1
adtoan,3
adtong,12
adtoon,3
adtos,2
adtuan,2
adua,1
adubay,1
adullam,2
aduna,135
adunahan,8
adunat,1
adunay,569
advetiser,1
advincula,1
adzhar,2
aequituberculata,2
agalon,21
agarenhon,1
agas,2
agaw,1
agdahon,1
agham,6
aghambuhay,1
aghop,1
agiaanan,1
agianan,12
agig,3
agigamit,1
=======
abaga,3
abidan,1
abiktima,1
abilidad,9
abiu,1
ablihan,1
abog,1
abohon,2
abokado,1
abtanan,1
abug,3
abughoan,1
aburido,1
abusado,1
abutanan,1
achab,1
achis,1
achsaph,1
actiniformis,2
adada,1
adalwa,1
adbays,1
adisir,1
adlaw,113
adlawa,20
adlawadlaw,4
adlawng,3
administrasyon,4
administrasyong,1
adminstrador,1
adobong,1
adoram,2
adtoa,1
adtong,2
adtuan,1
adubay,1
aduna,32
adunahan,1
adunay,147
advetiser,1
adzhar,2
aequituberculata,1
agalon,8
agham,2
>>>>>>> 9dfe370b30e15142589708a5424f55a0604acdbd
agigising,1
agipo,1
agnas,1
agng,1
<<<<<<< HEAD
agresibo,3
agrikultura,2
agtang,4
aguido,1
agupop,8
aguroy,1
ahalia,1
ahensiya,1
ahensya,4
ahente,1
ahia,1
ahicam,2
ahiezer,2
ahijas,1
ahimaas,1
ahimelech,1
ahio,1
ahira,2
ahisar,1
ahoa,1
ahohanon,1
aholiba,1
aholibama,5
ahumai,1
ahussath,1
aialon,1
akademiko,2
akademiya,1
akademya,1
akagawa,1
akbayan,1
aklat,1
akng,1
akoa,109
akoang,92
akonektado,1
akongpagkatawo,1
akoy,17
aksento,1
akses,2
aksidenta,1
aksidente,14
aksyon,11
aktibista,1
aktibistang,2
aktibo,11
aktibong,2
aktor,3
aktres,3
akusado,3
akwaryo,1
akwaryum,1
alagaan,1
alagad,25
alagang,1
alagian,1
alagianan,5
alahas,9
alak,2
alamag,1
alamalam,1
alamdag,2
alampuanan,1
alaosto,1
alasdiyes,1
alasotso,1
alassiyete,1
alauna,1
alaut,6
alawiton,5
albarikoke,1
alcornoque,1
alegasyon,2
aleksandriya,1
aleluya,1
alemang,1
alemansya,1
alemanya,13
alerdyik,8
alerhiya,1
alfredi,1
alhebra,1
alho,1
alibangbang,6
alibio,1
alijam,2
alilang,1
alili,1
alimahan,1
alimuot,2
alindanaw,1
aling,1
alionycteris,1
alipunga,1
alisto,1
aliwas,1
aliyenihena,1
alkalde,2
alkoholikong,1
allingi,2
alluium,1
alminaza,1
almodad,1
almondiblataim,2
alokasyon,1
aloya,1
alpabeto,2
alsahon,1
alternatibo,1
alternatibong,1
alundris,1
alveopara,1
alveopora,2
alveopra,1
alviar,1
alyas,1
alyenihena,1
amahan,294
amail,1
amalec,1
amalecahanon,1
amalekahanon,2
amam,1
amang,4
amarias,2
amasias,2
amaw,6
ambak,3
ambot,7
ambulansya,2
ambut,1
amega,1
amerikana,1
amerikano,16
amerkano,3
amihanan,14
amihanang,9
amihanangkasadpang,1
amihanankasadpan,1
amihang,1
amimislon,11
aminadab,1
ammisaddai,1
ammonhon,1
amoa,15
amoang,20
amorehanon,11
amorrehanon,1
amot,1
ampalaya,2
ampaw,3
ampay,6
ampibyo,1
ampingan,3
ampingi,1
ampliato,1
ampo,7
amraphel,1
amua,1
anaa,133
anaay,23
anab,1
anachanon,1
anag,1
analyn,1
anamanam,1
anang,23
ananiah,1
ananoh,1
anarath,1
anaswagan,1
anathoth,2
anathothias,1
anathothnon,1
anay,2
anciano,30
ancieto,1
andakan,1
andam,44
andan,1
andana,3
andanang,1
andanas,1
andap,1
andoon,1
andreo,1
anduol,1
aneks,1
angal,1
angan,1
angangan,1
angat,2
angaw,2
angay,59
angayan,9
angayang,2
angayng,2
anggulo,1
angkas,4
angkol,3
angkon,1
angnegros,1
angpasko,1
angyaw,1
anha,7
anhi,7
anibersaryo,3
aniceto,1
anihon,2
animality,1
animismo,1
animista,2
anindot,1
aning,57
aninipot,1
anito,4
anitos,1
anng,1
anob,1
anoxypristis,1
antepara,2
anthocercis,1
antiamerikan,2
antihos,1
antikidnapping,1
antinganting,1
antingua,1
antipara,3
antropologo,2
antropolohiya,1
antuson,1
antyohos,1
anumang,1
anusa,8
anyag,2
anyos,22
apapangig,4
aparador,4
apat,2
apektado,2
apelyido,2
apendise,9
aphaim,1
aphec,1
apheca,1
apila,1
apilyedo,4
apko,1
aplaya,3
aplikasyon,4
apohan,3
apomys,2
apostoles,1
apreloved,1
aprika,2
aprikano,1
apsan,1
apuli,7
arabadehanon,1
arabah,3
arabianhon,1
aracehanon,1
aralin,1
aranghita,2
ararnon,1
aratiles,7
arauna,1
arayis,1
arbathnon,1
arbinhon,1
arcehanon,1
arestado,2
arganite,1
arhentina,1
aridatha,1
ariglado,2
arites,1
ariyos,3
arkeolohikanhong,1
arkeyologo,1
arkitekto,1
arkitektura,2
arkoba,1
armenya,1
arnan,1
aroer,3
arogante,2
arogo,1
arong,5
aroskaldo,1
arphaxad,2
arsiel,2
arsobispo,1
arteng,1
arteriya,1
arterya,1
artikulo,3
artipisyal,2
aruskaldo,1
aryat,1
aryos,1
asaawa,1
asadong,1
asagaran,1
asakit,1
asang,5
asargadda,1
asaria,1
asawag,2
asawang,1
asaynment,2
asayod,1
asdod,1
asfalto,1
asiras,2
asiria,5
asiriahanon,2
aslom,6
aslum,1
asmaveth,1
asmon,1
asno,24
asorhadatta,1
asoy,4
asperidad,1
aspeto,2
asphatha,1
astang,1
asterata,1
astrolohiya,1
astronimiya,1
astronimya,1
astronomiya,16
astronomo,1
asukal,9
asukar,21
asul,41
asula,1
asupri,1
aswang,4
asyana,1
asyano,1
asyatiko,1
at,6
atabay,22
atad,2
atai,1
atake,5
atakehon,3
atay,10
atbang,18
atensiyon,1
atensyon,3
atibook,2
atikatik,2
atilano,1
atiman,1
atimana,2
atimanon,1
atindiron,1
atlantiko,5
atleta,1
atoa,12
atoan,1
atoang,9
atob,1
atong,153
atopan,1
atrak,1
atraksyon,1
atrophaneura,1
atrothsophan,1
atsara,1
atua,16
atuang,3
atub,1
atubang,6
atubanga,2
atubangan,232
atubangon,2
atung,2
atwo,1
atwubangan,2
australoid,1
australya,3
austrlia,1
autoicon,1
avehanon,1
avellano,1
awaaw,5
awading,1
awalay,1
awit,8
awitan,1
awop,2
awstralya,3
awto,25
awtobiyograpiya,1
awtomatik,1
awtonomiya,1
awtor,1
awtoridad,17
ayae,1
ayawg,2
ayha,1
ayoha,1
ayohon,5
ayon,1
ayos,4
ayoson,1
ayroplano,1
ayskrim,9
aysti,2
aytona,1
ayuhon,1
ayungin,1
ayusa,1
ayuson,1
azareel,1
azarias,1
azeka,1
azmaveth,2
azubah,1
azucarera,1
azufre,2
b,1
ba,988
baala,1
baalanan,2
baalath,1
baalathbeer,1
baalhanan,1
baalis,1
baalpeor,5
baalzebub,1
baarumnon,1
baasa,1
baaybayon,1
babaeng,1
babag,2
babasahon,1
babaye,340
babayehana,1
babayeng,8
babayi,2
babayon,1
baboy,28
baboyan,1
babye,1
baccay,1
baclaran,2
bacoor,3
bacsilog,1
bactol,1
badlis,1
badlonganon,1
badlungonpagtarong,1
badlungun,2
baduy,1
badyet,4
baga,13
bagafora,1
bagahan,1
bagahe,3
baggao,1
bagii,1
bagko,1
bagkoa,1
bagng,1
bagobos,1
bagohay,3
bagon,1
bagsupporters,1
bagtak,1
bagtok,1
bagug,1
baguhon,1
bagulbolan,1
bagumbayan,3
bagyo,14
bagyong,18
bagyud,1
bahagi,1
bahal,1
bahalag,1
bahandi,20
baharan,1
bahaw,1
bahil,1
bahin,164
bahing,1
baho,21
bahura,2
bahurim,1
baira,1
bajud,2
bakak,11
bakakon,10
bakakong,1
bakal,3
bakante,5
bakanteng,1
bakasyon,9
bakgrawni,2
bakhaw,3
bakilid,1
bakkungaan,1
bakla,1
baklay,1
bakood,1
baktas,9
baktason,1
baktin,2
bakuna,3
bakyawa,2
balaan,73
balaang,18
balaanon,2
balabag,3
balac,30
balagon,1
balahibo,3
balahiboon,1
balakang,1
balalatok,1
balamban,1
balanga,1
balangaw,2
balangay,6
balanghoy,11
balangkas,2
balaod,42
balaodnon,5
balara,1
balatang,1
balatian,3
balatucan,1
balatukan,2
balaudnon,1
balaudnong,1
balaya,15
balayampoanan,1
balayamponan,1
balayng,1
balaypulong,2
balaytambalanan,2
balaytuonanan,1
baldemora,1
baldeng,2
balentino,1
balewala,1
balewalaon,1
balhibo,6
balhiboon,1
balhin,2
baliangao,1
baligho,1
baligtad,1
baligya,4
baligyaan,2
baligyaanan,1
balikan,1
balikbalik,1
balikon,3
baliktad,1
balili,5
balimbing,1
balinghoy,1
balinsasayao,3
balisbisan,8
balitaa,1
balitanghali,1
balitaron,1
balkonahe,2
balod,1
balong,1
balongbalong,83
balud,3
balus,3
balutan,1
baluyot,4
balyena,42
balyenang,1
bamoth,1
bampira,3
banahaw,1
banalam,1
banatayan,1
banay,98
banayoyo,1
bandehado,1
bandihado,2
bandihadong,1
bandila,16
banez,1
bangag,1
bangaw,3
banggiitan,1
banghilig,2
bangkaw,4
bangkua,1
bangon,1
bangsilog,5
bangus,5
banha,2
banig,1
bannawagan,1
banog,1
bansa,1
bantag,2
bantaw,1
bantay,8
bantayan,17
bantayanan,2
bantayanang,2
bantayancebu,1
bantayi,2
bantog,20
bantogan,2
bantogang,1
bantug,2
bantugan,3
bantugang,1
bantuk,2
banwa,1
banyaga,1
baog,1
baon,1
baos,7
bapor,2
baraha,2
barako,1
barangan,1
baranggay,2
barayuga,2
barberya,1
barhumhanon,1
barkilyos,6
barko,25
barkoha,1
barrabas,3
barsoon,1
bartko,1
baruganan,10
baryo,34
basaha,2
basahon,28
basakan,4
basan,3
basanbasan,1
baseco,1
basehan,5
basehanan,1
basemath,1
basig,9
basihan,1
basikong,1
basilika,1
basko,1
baslan,1
baso,30
basong,2
basulon,1
bataa,9
batabalonos,1
batakan,1
batalya,1
batanon,40
batanong,18
batasan,16
batasana,1
batasang,1
batawa,1
batay,1
batbat,1
batel,2
batid,1
batiis,4
batiun,1
batoha,3
batong,2
batonon,1
baunon,1
bautismo,3
bawal,6
bawalan,1
bawean,1
bayad,9
bayadunon,1
bayagbag,1
bayaning,1
bayaran,1
bayaw,6
bayawa,2
bayawan,9
bayawon,1
baybay,15
baybayon,36
bayente,3
bayentesais,1
bayhana,1
bayinte,1
bayintesingko,1
bayith,1
bayk,8
baylo,5
bayloay,1
baylohan,1
baynte,8
bayolet,11
bayong,1
bayot,15
bayran,1
bayranan,1
bayrunon,2
bayy,1
bdelio,1
bealoth,1
beeliada,1
beelzebu,2
beerlahairoi,1
beeroth,1
beerothbenejaacam,2
beerseba,8
behmangutana,1
belah,1
bellii,1
belsasar,1
benadad,1
benaia,5
benaias,1
bendisyon,2
beneberak,1
benejaakan,3
benepisyo,1
benjaminhon,1
bentaha,2
bentilador,2
beor,2
beranda,11
berberabe,1
berde,9
berdeng,3
berias,1
bernardita,1
bersikulo,2
bersyon,3
bertdey,1
beser,1
beses,3
bestida,3
betabel,1
betacarotene,1
betharaba,2
bethazmaveth,1
bethdiblataim,1
bethgamul,1
bethmarchabot,1
bethmeon,1
bethpelet,2
bethpeor,3
bethpua,1
bethpur,1
bethsemes,1
bethzur,1
beysbol,3
bezec,1
bibinlan,2
bibliya,2
bicutan,1
bidlisi,1
bidyo,2
bidyu,1
bigaon,6
bigute,1
bihag,2
bihira,2
bihud,1
bika,1
biklonon,1
bikolano,1
bikolono,1
biktima,46
bikumbong,2
bilad,1
bilanggoan,14
bilding,11
bildo,2
bilga,1
bilgai,1
bilha,8
bilhan,1
bilibid,4
bilihon,1
bililhon,3
bililhong,1
bilonggo,1
bilubilo,2
bilyete,1
bilyon,4
bilyonaryo,1
bilyunbilyong,1
binabaye,2
binadbaran,1
binaksan,1
binalaan,1
binalaye,3
binangan,2
binantayan,1
binantayang,1
binatonan,14
binatonang,2
binaw,1
bingbing,1
bingka,2
binhi,16
binihag,8
binilanggo,9
binisahan,1
binisaya,2
biniyaan,4
binnui,1
bintaha,1
bintana,39
binturong,3
binuang,18
binuangan,1
binuangi,2
binubulay,1
binugkan,3
binuhat,12
binuhatan,3
binuhi,3
binuhian,1
binuhing,1
binulahan,1
binulan,2
binuweltahan,1
birhen,2
bisag,45
bisan,662
bisang,1
bisaya,3
bisayas,1
bisbis,2
biseklato,1
bisekleta,3
biseklita,1
bisikleta,7
bisita,21
bisitahan,2
bisitahi,1
bisitahon,1
biskwit,3
bisong,2
bisotia,1
bisti,38
biswal,1
bisyo,6
bisyoha,1
bisyong,1
bitag,1
bitamina,2
bitayan,1
bitbiton,1
bitiis,3
bitik,3
bitok,1
bitokon,2
bitoon,12
bituon,24
biwenas,1
biyaaan,1
biyaan,13
biyae,5
biyahe,14
biyai,3
biyernes,17
biyhae,1
biyolin,1
biyolohiya,2
blonda,1
bluberi,3
blusa,1
boaan,1
boang,5
boangboang,5
bodbod,1
bokabularyo,2
bokal,1
bolabola,2
bolkan,1
bolkang,1
bolpen,9
bolpena,1
boluntaryo,2
boluntaryong,1
bombero,2
bongbong,9
boopis,2
bopeep,1
borlas,2
boscath,1
boses,1
botaniko,1
botar,2
botelya,19
botika,3
botilya,2
botilyang,1
boton,1
boustrophedon,1
braso,1
brayt,1
breiwick,1
breo,1
breyndamids,1
brilyante,3
britaniko,1
britanya,1
brodkas,1
brokuli,1
brosyur,1
bruha,1
brunhild,1
buakon,1
buangbuang,37
buaya,7
bubog,1
bubong,1
bubuan,1
bubuyog,2
bucor,2
budismo,8
budista,10
budistaanimista,1
bufanda,1
bugambilya,2
bugas,6
bugat,9
bugata,1
bugay,3
bughaw,6
bugnaw,15
bugo,1
bugok,1
bugos,12
bugoy,2
bugsikan,2
bugtong,5
buhan,2
buhangan,1
buhangin,1
buhat,75
buhata,24
buhatan,6
buhati,3
buhatin,1
buhaton,164
buhatonon,3
buhatunon,2
buhi,86
buhian,5
buhii,2
buhing,4
buhion,2
buhis,6
buhok,56
buitre,1
bukag,15
bukas,5
bukasa,2
bukaw,1
bukha,1
bukid,133
bukira,4
bukirin,1
bukirong,1
buklaron,3
buknoy,2
buko,26
bukog,15
buksan,1
bukstor,1
bukton,8
buktun,1
bulad,1
bulag,6
bulagaw,2
bulahan,10
bulak,92
bulakan,1
bulalakaw,1
bulana,8
bulang,1
bulaw,2
bulawan,38
bulawanong,1
bulbol,1
bulig,1
buling,2
bulkan,18
bulohatan,1
bulohaton,26
bulok,2
bulsa,2
bulsalike,1
buluhato,1
buluhaton,16
bumagsak,1
bumalik,4
bumangon,3
bumbero,2
bumbong,3
bumulag,1
bumuot,2
bunal,6
bunalan,1
bunali,1
bundok,3
bundokbundokan,1
bungat,2
bungbong,7
bungnaw,1
bungol,4
bungot,2
bungtod,22
bunog,1
bunso,1
bunta,1
buntag,80
buntaga,6
buntis,1
buntod,13
buntodbuntod,1
buntog,1
bunyaganan,1
buongon,1
buot,69
buotan,18
buotbuot,2
buotpasabot,1
burikat,1
buriko,1
buruka,1
busal,1
busalan,1
buslo,4
buslong,1
buslot,3
busog,5
busok,1
busyhan,1
butag,1
butanagan,1
butang,180
butanga,65
butangan,8
butanganan,3
butanganang,1
butangbutang,1
butangi,2
butete,2
butiki,3
butil,1
butngan,1
buto,5
butones,3
butong,16
butonis,1
buut,1
buwad,1
buwagan,2
buwak,8
buwaka,2
buwan,3
buwis,1
buwitre,2
buybust,3
buynas,1
buyog,5
buysit,1
byahe,3
byahi,2
byente,1
byetnames,3
byuda,1
c,9
caasper,1
cabilin,1
cabon,1
cabusilan,2
cadesbarnea,2
caifas,1
cajepe,3
cajipe,1
calah,1
calamian,1
calamon,1
calauit,5
caldeahanon,5
caldeanhon,1
caldehanon,1
calebephrata,1
callai,1
calmian,1
camballa,1
cambaya,2
camello,6
camon,1
canaanhon,14
canlaon,2
capatas,1
capricornis,1
carcar,1
caril,1
carmelohanon,1
carnapping,1
carnero,96
carnerong,1
carromata,3
casecnan,1
casipit,1
castigo,1
casuy,2
cataingan,1
catarman,1
cawit,1
cebada,3
cedemoth,1
cedmonehanon,1
ceelatha,2
cenesehanon,1
cenez,1
ceratobatrachidae,1
cerealis,1
cesil,1
cetro,1
cezon,1
champurado,3
chedorlaomer,3
chelion,1
cheluhi,1
cheriothhesron,1
chicharon,1
chiriathjearim,1
chiriatsana,1
chiryataim,1
chitlis,1
chizuno,1
chosilog,4
churaumi,1
churig,1
cidg,2
ciervo,1
cigue,1
cinehanon,4
circuncicion,3
circuncidahan,2
circuncidahi,1
circuncidahon,1
circuncision,4
cittim,1
ciudara,14
claveria,1
coath,20
coathanon,1
coathihanon,2
coelenteron,1
coenosteum,2
colugos,1
columellae,1
condicion,2
congbid,1
consolacion,1
copiosa,1
corallite,12
corallum,1
corleto,1
corvejon,1
costae,1
covid,47
cppnpa,2
crame,1
crassicauda,1
creactive,1
crisanto,1
crocidura,1
crypsis,1
cubay,1
culanag,1
culantro,2
culiat,1
cullamat,7
cyberbullying,1
cycloseris,1
d,2
daang,3
dadan,3
dadon,17
dagami,5
dagat,96
dagatdagat,2
daghag,7
daghan,196
daghanan,3
daghanang,1
daghang,370
daghay,1
dagitabyan,1
dagko,20
dagkong,19
dagku,8
dagkung,10
dagom,1
dagta,1
dagum,2
dagway,9
dahil,1
dahom,4
dahum,1
dahun,1
dahunog,1
dakbalay,8
dakbalaya,2
dakbayan,48
dakoa,2
dakong,56
dakpa,2
dakpon,1
daku,41
dakua,1
dakung,30
dalaa,3
dalag,18
dalaga,15
dalagan,1
dalagang,7
dalagita,1
dalaha,2
dalahi,1
dalahon,2
dalaka,1
dalana,1
dalandan,2
dalandanan,1
dalangpanan,15
dalayegon,4
dalaygon,1
dalha,1
dalhon,5
dalii,2
dalikwat,1
daling,1
dalogdog,1
dalon,5
dalonggan,2
dalphon,1
dalubagham,4
dalubtala,1
dalubtao,1
dalubwika,2
dalugdog,1
dalunggan,13
damalerio,1
damang,1
damgo,40
damha,1
damhang,2
danaw,2
danding,1
danghag,4
danghagmahitungod,1
danlog,1
daob,1
daoban,1
daog,1
daot,2
daotan,9
daotang,2
dapig,2
dapigan,1
dapit,122
dapita,27
dapitan,3
dapitngapuloyanan,1
daplin,19
dapog,1
daraga,1
daruhan,2
dasigon,1
dasok,1
databeys,1
dataging,1
dauban,1
dauin,1
dautan,53
dautang,14
dawat,2
dawata,3
dawaton,5
dawntawn,1
dayag,6
dayalekto,1
dayandayan,2
dayaper,1
dayari,1
dayega,1
dayegon,2
dayong,3
daytoy,1
dayu,1
dayun,10
de,43
debir,2
debold,2
defenseregion,1
defese,1
degri,2
dehuel,1
dekada,4
deklarasyon,1
dekorasyon,1
dekorasyonan,1
delaias,1
deliberi,1
delikado,6
demafelis,3
demograpiko,1
demokrasya,3
demokratiko,1
demonyo,1
demonyoha,1
dengdeng,4
denominasyon,1
depekto,1
depensa,1
depresyon,1
desinyo,1
desisyon,32
desiyon,1
desyerto,1
detalyado,1
detalye,3
detensyon,1
dexterityaron,1
diara,1
diay,54
dibon,4
dibongad,3
diborsyo,2
dibuho,1
dicla,2
didan,2
didto,508
didtoa,6
didtoawalay,1
didtong,1
didtoy,4
didtto,1
digmaang,1
digto,7
diha,351
dihadiha,17
dihang,27
dihay,51
dihihog,1
diili,1
diin,80
dikatayan,1
diksiyunaro,1
diksiyunaryo,3
diksyonari,3
diksyonary,1
diksyonaryo,6
diksyunaryo,6
dilan,1
dilanga,1
dilaw,1
dilia,1
dilicetacean,1
dilikado,1
dilis,1
dimaculangan,1
dimensyon,1
dinadiawan,1
dinaguok,1
dinahunog,1
dinakpan,2
dinakup,1
dinalang,1
dinalian,1
dinangoyngoy,1
dinapit,1
dinasawro,1
dinato,1
dindin,6
dindo,1
dinha,4
dinhay,2
dinhi,107
dinhing,2
dinihog,3
dinosawro,1
dinuguan,3
dinuguang,2
dinumtan,2
dionel,1
diosdios,7
diosnon,1
diperensiya,1
diperensya,1
diplomasya,1
dirang,1
direksyon,14
direkta,5
direktorprodyuser,1
direktoryo,2
diretso,4
diria,8
diring,3
diristo,1
diritso,1
diriyot,1
diriyut,6
disan,1
disenyo,1
disertasyon,1
disgrasya,4
disiplina,3
disiplinado,1
diskarte,9
diskubre,1
diskusyon,2
diskyonari,1
diskyonaryo,1
dison,2
distansya,1
disti,1
distribusyon,1
disturbo,1
disyembre,11
disyerto,7
ditas,1
diwindi,2
diyakono,1
diyalogo,1
diyametro,1
diyande,1
diyaryo,3
diyes,3
diyosesis,1
diyot,2
diyutay,20
dobli,2
dodong,5
doeg,1
dogmatiko,1
doktrina,2
dokumentado,2
dokumentasyon,2
dokumento,2
dolang,4
dolyar,5
dolyares,1
dominanteng,2
dominggo,21
donasyon,1
dopka,1
dosanyos,1
dosdos,1
dosena,1
dotham,1
dotr,2
drayb,8
drayber,12
draybir,2
dricho,2
drugas,1
duaw,2
duawon,5
duclog,1
dudosu,2
duga,9
dugang,8
dugangi,1
dugay,65
dugaya,1
dugaydugay,1
dugayng,1
duggabon,1
dughan,25
dughanngatinabyog,1
dugo,105
dugoa,2
dugokon,2
dugom,1
dugongidae,1
dugoong,1
dugos,2
duguong,1
duha,200
duhaduha,6
duhakatlo,1
duhang,1
duhat,4
duhay,5
duhiraw,1
duktur,1
dulaa,2
dulaan,10
dulai,2
dulan,1
dulang,2
dulom,1
dulon,4
dulumtanan,15
dulungan,2
dumagsang,1
dumah,1
dumalaga,4
dumali,2
dumamba,1
dumanguilas,1
dumanquilas,1
dumating,1
dumtan,1
dumuduaw,1
dumudugopuso,1
dumuloong,33
dumuol,6
dunay,17
dungag,2
dungagi,1
dungawan,1
dunggab,1
dunggaba,2
dunggabon,1
dunggan,4
dungganan,1
dungganon,1
dunggoanan,5
dungogdungog,1
dunot,5
duol,58
duolan,3
duolon,1
duot,1
duruha,85
duslaka,1
duterte,24
dutertecarpio,2
duwende,1
duyan,1
duyog,2
dyaket,5
dyam,2
dyamante,1
dyaryo,3
dyeli,2
dyip,1
dyis,1
dyud,1
dyus,11
dyutay,5
e,6
ebal,2
ebedmelech,1
ebeg,1
ebidensiya,1
ebidensiyaha,2
ebidensya,9
ebolusyon,3
ebyang,1
echanis,3
ecoturismo,1
ecron,3
edaran,4
edilberto,1
edipisyo,3
edomhanon,1
edralin,2
edrei,1
edtados,1
edukado,1
edukasyon,5
eeclair,1
efeso,2
egiptohanon,30
egiptohaonon,1
egiptol,1
eglaim,1
ehekutibo,2
ehemplo,2
ehersisyo,1
ehipto,4
ejk,1
ekmek,1
ekonomista,2
ekonomiya,8
eksaktong,1
eksam,7
eksamen,3
eksaminasyion,1
eksayted,1
eksepsiyon,1
eksobiyolohiya,3
ekspedisyon,4
eksperimento,3
eksperimentong,1
eksperto,6
eksplosibo,1
=======
agrikultura,2
agtang,2
agupop,1
ahensya,4
ahia,1
ahisar,1
aholibama,1
ahumai,1
aklat,1
akoa,22
akoang,21
akoy,7
aksidente,4
aksyon,1
aktibo,6
aktor,1
akusado,1
alagad,7
alagang,2
alahas,4
alaosto,1
alaut,2
alawiton,2
albularyo,1
alemansya,1
alemanya,4
alerdyik,1
alho,1
alibangbang,1
alijam,2
alilang,1
alimango,1
alimuot,1
allingi,2
allopyge,1
almondiblataim,1
alokasyon,1
alsahon,1
alternatibo,1
alveopara,1
alveopra,1
alyenihena,1
amahan,62
amalekahanon,1
amang,3
amarias,1
amasias,1
amaw,7
ambak,2
ambot,2
amerikana,1
amerikano,9
amihanang,6
amimislon,17
amoa,3
amoang,4
amorehanon,3
ampay,1
ampibyo,1
ampullae,1
amua,1
an,1
anaa,43
anaay,3
anachanon,1
anaktapos,1
anamanam,1
anang,2
anathoth,1
anciano,8
andakan,1
andam,6
andanas,1
andap,1
angat,1
angaw,2
angay,19
angayan,2
angkas,2
angkon,1
anha,3
anhi,1
animista,1
aning,12
anitos,1
antiamerikan,1
antigones,1
antipara,2
anusa,5
anyag,2
anyos,2
apapangig,2
aparador,1
apelyido,2
apendise,7
apheca,1
apilyedo,1
aplaya,1
apodapod,1
apomys,6
apostoles,1
apreloved,1
apuli,2
arabadehanon,1
arabah,1
aralin,1
aranghita,1
aratiles,1
arestado,2
arganite,1
ariglado,1
arites,1
arkeologo,1
arkitektura,1
aroer,1
arong,1
arphaxad,1
arsiel,1
arterya,2
asagaran,1
asawag,1
asawang,1
asaynment,1
asdod,1
asiria,1
asno,11
asoy,1
astang,1
astronomiya,3
asukar,5
asul,11
asulberde,1
asupri,1
aswang,1
atabay,12
atakehon,1
atay,33
atbang,3
atensiyon,1
atibook,1
atimana,1
atlantiko,4
atoa,3
atoang,2
atong,32
atraksyon,1
atua,7
atuang,1
atubang,1
atubangan,56
atubangon,1
atwubangan,1
awaaw,6
awalay,1
awaya,1
awstralya,1
awtomatik,1
awtor,1
awtoridad,6
ay,4
ayae,1
ayoha,1
ayohon,1
ayos,1
ayskrim,1
aysti,1
azubah,1
baalathbeer,1
baalpeor,2
babag,2
babaye,91
babayeng,4
baboy,19
baboyan,1
bacab,1
badlungun,1
badyet,2
baga,14
bagkoa,1
bagohay,2
bagyo,2
bagyong,2
bahalag,1
bahandi,11
bahandianon,1
baharan,1
bahil,1
bahin,54
baho,5
bahura,1
bajud,1
bakak,2
bakakon,6
bakakong,1
bakal,1
bakante,2
bakanteng,1
bakasyon,2
bakgrawni,2
bakhaw,2
bakilid,1
baklay,1
baktin,2
balaan,12
balaang,3
balabag,1
balac,4
balagon,1
balahibo,2
balakang,1
balangay,1
balanghoy,4
balaod,10
balaodnon,1
balastoaron,1
balatian,2
balaudnong,1
balaya,2
balaytambalanan,2
baldeng,1
balentino,1
balhibo,2
balhin,1
baliangao,1
baligho,1
baligtad,1
baligya,1
baliko,1
balili,1
balinsasayao,1
balitaron,1
balkonahe,1
balongbalong,12
balud,1
baluyot,1
balyena,22
balyenang,1
bampira,1
banatayan,1
banay,17
bandihadong,1
bandila,3
banez,1
bangag,1
bangaw,1
bangkaw,2
bangon,1
bangsilog,3
bangus,1
banha,1
banhawa,1
bansayon,1
bantayan,3
bantog,6
bantogan,1
bantug,1
bantugan,1
bantugang,2
bantuk,2
baog,1
bapor,1
barayuga,2
barberya,1
barko,7
barrabas,2
bartko,1
baruganan,2
baryo,6
basahon,7
basakan,2
basan,2
basig,1
basihan,1
basikong,1
baso,4
basurahan,1
bataa,2
batalya,1
batanon,9
batanong,1
batasan,7
batawa,1
batbat,1
batiis,1
batikbatik,1
batiun,1
batoha,1
batonon,1
bautismo,1
bayad,4
bayaning,1
bayaw,1
bayawan,2
baybay,5
baybayon,11
bayintesingko,1
bayk,1
baylo,1
baylohan,1
baynte,2
bayolet,3
bayot,3
bayranan,1
bayy,1
beelzebu,6
beerlahairoi,1
beerseba,3
bentaha,1
beranda,2
bersikulo,1
bersyon,1
bethpua,1
bethpur,1
bibliya,2
bidlisi,1
bidyo,1
bigaon,2
bihag,1
bihira,1
biklonon,1
biktima,13
bilad,1
bilanggoan,4
bilding,2
bildo,1
bilha,2
bililhon,1
bilubilo,1
bilyon,5
binatonan,27
binhi,7
binihag,3
binilanggo,1
biniyaan,2
bintana,6
binturong,2
binuang,16
binuangi,2
binuhat,4
binuhatan,4
binuhi,7
binuhing,1
bisag,11
bisan,174
bisaya,1
bisbis,1
biseklato,1
bisikleta,2
bisita,6
bisitahan,1
bisong,2
bisti,5
bisyo,2
bisyoha,1
bitamina,3
bitaw,2
bitiis,2
bitik,2
bitok,1
bitoon,2
bituon,5
biyaan,3
biyahe,5
biyai,3
biyenan,1
biyernes,4
biyhae,1
biyolin,1
blonda,1
boang,12
boangboang,2
bodbod,1
bolabola,1
bolpen,2
bolpena,1
bopeep,1
botelya,3
botilya,1
boton,1
boustrophedon,1
breiwick,1
breo,1
brilyante,1
bruha,1
brunhild,1
buangbuang,22
buaya,3
buayaug,1
bubuyog,2
budista,2
bugas,1
bugat,3
bugay,1
bughaw,1
bugnaw,3
bugos,3
buhangan,1
buhangin,1
buhat,15
buhata,2
buhatan,1
buhati,1
buhaton,39
buhatonon,1
buhi,21
buhian,3
buhing,4
buhis,2
buhok,10
bukag,5
bukasa,2
bukaw,1
bukid,25
bukira,1
buklaron,2
buknoy,1
buko,5
bukobuko,1
bukog,7
bukton,4
buktun,1
bulad,1
bulag,2
bulagaw,1
bulak,18
bulakan,1
bulana,1
bulaw,1
bulawan,10
bulbol,2
bulig,1
bulkan,5
bulohaton,4
bulok,3
buluhaton,3
bulus,1
bumalik,2
bumbero,1
bumbong,1
bunal,2
bundok,1
bungbong,3
bungtod,4
buntag,18
buntod,3
buntog,2
bunyaganan,1
buot,22
buotan,7
buotbuot,1
burikat,1
buriko,1
burong,1
busal,1
bushbucks,1
buslo,1
buslong,1
buslot,1
busog,2
busok,1
butang,35
butanga,13
butangan,1
butanganan,1
butanganang,1
butangbutang,1
butiki,5
butil,1
buto,1
butong,3
buwak,2
buwaka,1
buwan,1
buwis,1
buybust,1
buyog,1
byahe,2
byahi,1
c,3
cabungcal,1
cadesbarnea,1
cajipe,1
calamian,4
calauit,6
caldeahanon,1
cambaya,2
camello,4
camon,1
canaanhon,5
capinpin,1
carcar,1
caril,1
carnero,25
casecnan,1
casuy,1
cawit,2
cestode,1
champurado,1
chosilog,1
chrotomys,1
churaumi,1
cidg,1
cinehanon,1
circuncicion,1
circuncision,1
ciudara,3
coath,4
congbid,1
corallite,2
covid,9
cubay,1
cullamat,1
cyclocoelid,1
cycloseris,1
dadan,2
dadon,7
dagami,2
dagat,49
dagatdagat,1
daghan,44
daghanan,1
daghang,111
dagko,6
dagkong,2
dagway,3
dahumon,1
dakbalay,1
dakbayan,13
dakong,13
daku,8
dakung,9
dalag,4
dalaga,3
dalagan,1
dalagang,2
dalagitang,1
dalangpanan,2
dalaygon,1
dalikwat,1
dalon,2
dalonggan,1
dalubagham,2
dalubwika,1
dalunggan,2
damgo,6
danding,1
danghag,3
daotan,1
daotang,1
dapigan,2
dapit,26
dapita,6
dapitan,1
dapitngapuloyanan,1
daplin,4
dataging,1
datung,1
dauban,1
dautan,12
dautang,2
dawata,1
dawntawn,1
dayag,3
dayalekto,1
dayari,1
dayegon,1
dayon,16
dayun,3
de,10
defenseregion,1
dehuel,1
dekada,2
dekorasyon,1
dekorasyonan,1
delikado,3
demograpiko,1
demokratiko,1
dendriticus,1
denominasyon,1
desisyon,9
desiyon,2
desyerto,1
detalye,1
dexterityaron,1
diay,18
dibongad,2
dibuho,1
dicla,1
didto,112
didtoy,4
didtto,1
didtu,2
digto,2
diha,91
dihadiha,6
dihang,7
dihay,9
dihihog,1
diin,22
diksyonaryo,1
diksyunaryo,1
dilicetacean,2
dilikado,1
dinakpan,1
dinato,1
dindin,1
dindo,1
dinhi,27
dinosawro,1
diosdios,2
dipuugaa,1
direksyon,2
direkta,1
diretso,2
diria,2
diring,1
diristo,1
diriyut,2
diskusyon,2
dison,1
distribusyon,1
disyembre,1
disyerto,2
diyakono,1
diyametro,2
diyaryo,2
diyutay,3
dodong,1
doktrina,1
dokumentado,2
dominggo,5
dosena,2
dotham,1
drayb,1
drayber,3
duaw,2
duawon,2
dudosu,1
duga,3
dugang,10
dugangan,1
dugay,19
dugaya,1
dugayng,2
duggabon,1
dughan,7
dugo,17
dugokon,1
dugon,1
dugongidae,1
duha,46
duhaduha,1
duhat,2
duktur,1
dulaan,4
dulom,1
dulomtan,1
dulumtanan,7
dulumtanang,1
dumagsang,1
dumalaga,1
dumtan,2
dumudugopuso,2
dumuloong,6
dumuol,1
dunay,4
dunot,4
duol,13
duot,1
duruha,24
duterte,6
dutertecarpio,1
dyamante,1
dyus,2
dyutay,1
e,1
eagleowl,1
ebidensiyaha,1
ebidensya,3
echanis,1
ecron,2
edralin,1
edukasyon,2
efeso,1
egiptohanon,4
ehemplo,1
ekmek,1
ekonomiya,2
eksakto,1
eksobiyolohiya,1
ekspedisyon,1
eksperimento,3
eksperimentong,1
eksperto,3
>>>>>>> 9dfe370b30e15142589708a5424f55a0604acdbd
ekspositibo,1
ekspresyon,3
eksternal,1
ekstrahudisyal,1
ekstremista,1
ekstremor,1
<<<<<<< HEAD
ektarya,2
elands,2
elcana,2
eleksyon,3
elektrisidad,2
elektrisyan,1
elektroniko,1
elepante,8
elephelet,1
eliaba,1
eliacim,2
eliada,2
eliasaph,2
eliasib,1
elioenai,1
eliphelet,4
elisama,7
elisua,1
elisur,2
eliu,3
elphaal,1
elteke,1
eltolad,1
elzabad,1
emass,1
embalsamahon,1
embutido,2
emimenhon,1
emmisphat,1
emosyon,2
emosyonal,1
empanadang,1
empatiya,1
empleyado,3
empong,1
emumehanon,1
endemik,4
endemiko,5
endimiko,8
endoparasites,1
enerhiya,1
engaste,2
engkuwentro,1
engkwentro,10
enhasor,1
enkwentro,1
enoc,1
enrile,1
enrimmon,1
ensayklopedya,1
ensaymada,3
ensayohon,1
epektibo,2
epekto,17
epiko,1
epistemolohiya,1
episye,1
erehes,2
erkon,2
eropalano,1
eroplano,20
erport,5
erythrura,1
escario,1
escol,3
escribas,1
escueta,1
esiongeber,2
eskandalo,1
eskena,1
eskolar,2
eskritoryo,2
eskulturista,1
eskuwela,3
eskuwelahan,3
eskuyla,3
eskuylahan,10
eskwela,6
eskwelahan,40
eskwlehan,1
esmeraldo,14
esmirna,1
esnak,1
esno,5
espaa,1
espansya,1
espanyola,1
espanyolmoro,1
esparanto,1
espasol,21
espasyo,2
espasyong,1
espeho,1
esperansa,2
esperantista,1
esperantisto,1
esperantong,1
esperantoy,1
esperon,1
espesipikong,1
espesyal,2
espesyalidad,1
espesyalista,2
espesye,3
espiho,1
espiritismo,1
espiritista,4
espirituhanon,1
espiritwal,1
espiritwalidad,1
espisye,26
espiya,1
espiye,1
establisemento,1
establisyemento,2
estante,2
estasyon,19
estatuwa,1
estatwa,2
estefanas,1
estemo,1
estorta,1
estorya,12
estoryahan,1
estoryahay,2
estoryahon,1
estoryatsismis,1
estraktura,2
estrellia,2
estrelya,2
estrildid,1
estudyane,1
estudyante,43
estudyo,1
etham,1
etika,1
etiketa,1
etiopiahanon,3
etnikong,1
eufamia,1
eufemia,2
eufrates,2
euphyllia,1
eutico,1
evelio,2
exksotika,1
exquisita,1
extragyudicial,3
ezechias,9
factoligal,1
faraon,125
fariseo,8
fatalista,1
favulus,1
fenestrata,1
ferreras,2
fiest,1
fiksiyon,1
fiksyon,1
filibusterismo,1
filistehanon,21
filistihanon,2
fissuring,1
florendo,2
flurescent,1
forcesulu,1
fortybarong,1
frontliners,2
frut,2
fuentabella,1
fungia,6
fungiidae,1
fungite,1
fungites,2
furfur,1
g,13
gaabot,2
gaadtuan,1
gaampo,1
gaano,1
gaapas,2
gaarte,1
gaatang,1
gaatubang,4
gabaga,1
gabaktas,2
gabaligya,1
gabantay,1
gabaon,1
gabaonhon,3
gabas,3
gabasa,1
gabase,1
gabasero,1
gabhiona,18
gabie,18
gabii,135
gabiyahe,1
gabiyahebiyahe,1
gabuhat,6
gabuhis,1
gabukon,1
gabula,1
gabyota,2
gadagum,1
gadahanon,1
gadahom,4
gadhon,2
gaduda,1
gadumot,2
gaduwag,1
gagamit,2
gagawas,1
gagmay,24
gagmayng,3
gaguba,1
gahagok,2
gahapon,54
gahatag,1
gahi,13
gahig,3
gahigda,1
gahigulo,1
gahilak,7
gahimo,3
gahiram,1
gahiron,2
gahong,11
gahulat,4
gahum,22
gahunahuna,2
gahuyop,1
gaingon,4
gainom,6
gainum,1
gainusara,1
gaisip,15
gakanta,2
gakaon,16
gakape,2
gakit,1
gakos,3
gakrus,1
gakson,1
galaad,13
galaadhanon,1
galakaw,1
galaksiya,2
galaksiyang,1
galamiton,9
galamyon,1
galangoy,3
galantaw,1
galapos,1
galihok,1
galikay,1
galingan,2
galman,1
galunsad,1
galupad,39
galusgalosa,2
galuto,7
gamaneho,1
gamata,1
gamaw,3
gamaya,2
gamayng,13
gambalay,2
gamhanan,4
gamhanang,3
gamibeyr,1
gamit,25
gamita,2
gamitan,1
gamiton,13
gamu,2
gamueta,1
gamugna,8
ganaha,1
ganahan,324
ganahang,3
ganahi,5
ganahon,1
ganaog,1
ganaugan,1
ganghaan,37
gangisingisi,1
ganhaan,1
ganiha,7
ganihang,5
ganimedes,1
ganina,3
ganinang,5
ganito,1
gansa,1
ganti,1
gapadaghan,1
gapahulam,1
gapajama,1
gapakita,1
gapampatay,1
gapangadoy,1
gapangayo,1
gapangitag,1
gapangpatay,1
gapangsidlak,1
gapanguyab,1
gapanigarilyo,1
gapaningkamot,1
gapasagad,1
gapatay,1
gapataypatay,1
gapay,3
gapu,1
gapus,1
gapuson,1
gapuyo,2
garahe,2
garantiya,1
garaon,1
garapa,2
garapon,1
gareb,2
gareklamo,1
garlene,1
gartzke,1
gasakay,5
gasang,1
gasaulog,1
gasidlak,1
gasidlaksidlak,1
gasigarilyo,2
gasis,1
gaskwela,1
gasolinahan,3
gaspang,2
gastuhonon,1
gasturya,1
gasul,1
gasulat,2
gasulob,1
gasunod,1
gasuwat,1
gatago,1
gatapunog,2
gatasan,1
gatawag,1
gatayan,1
gatchalian,2
gathrimmon,1
gatosan,2
gatou,2
gatrabaho,6
gatubo,1
gatubod,1
gatudlo,3
gatugon,2
gatugtog,2
gatulog,1
gatumar,1
gatuo,5
gatuon,5
gatus,71
gatusan,2
gaulan,1
gauli,1
gawang,1
gawas,108
gawasan,3
gawasanan,1
gawasnon,3
gawatgisi,1
gawi,2
gayod,4
gayoy,1
gayud,171
gazela,1
gebeon,1
gedalias,1
gedir,1
gedor,2
gendebold,1
genezaret,1
gergesehanon,2
gerilya,2
gersom,1
gersonhon,3
giabiabi,1
giablihan,6
giabog,2
giabot,1
giabrihan,2
giabut,1
giadto,1
giadtoan,3
giagasan,1
giagda,2
giaghat,1
giagian,3
giaklas,1
giakusahan,1
gialagaran,1
gialimahan,1
gialirongan,2
giamin,1
gianabayaran,1
gianak,3
gianbuhat,1
giandam,5
giangkan,1
giangkon,10
gianha,1
gianunsyo,1
gianyagan,1
giapas,1
giapiki,1
giapil,1
giapluagan,1
giaprobahan,1
giasoy,1
giatake,7
giatangan,1
giatik,1
giatiman,2
giatubang,1
giawasan,1
giawhag,3
giayo,5
=======
ektarya,3
ektaryas,1
elands,2
elektrisidad,1
elektromagnetiko,1
elepante,2
eliada,2
eliasaph,1
eliasib,1
eliphelet,2
elisama,3
emimenhon,1
emosyon,1
empleyado,2
emumehanon,1
endemik,3
endemiko,2
endemikong,1
endimiko,1
endoparasites,1
enerhiya,1
engaste,1
engkwentro,2
enoc,1
ensayklopedya,1
ensaymada,3
ensayohon,1
epekto,7
episye,1
eroplano,2
erport,1
erythrura,1
escribas,1
eskandalo,1
eskulturista,1
eskuwela,1
eskuwelahan,2
eskuylahan,3
eskwela,2
eskwelahan,5
esmeraldo,2
esnak,1
espanyolmoro,1
espasol,2
espasyo,1
esperansa,1
esperantista,1
esperantisto,1
espesimen,1
espesyal,1
espesyalista,1
espesye,2
espiritista,1
espisye,13
establisemento,1
estasyon,2
estefanas,1
estorya,4
estoryahan,1
estoryahon,1
estoryatsismis,1
estrellia,1
estrildid,1
estudyane,1
estudyante,7
estudyo,1
etiopiahanon,2
eufrates,1
evelio,1
exksotika,2
faraon,26
fariseo,3
filistehanon,5
filistihanon,1
folivorenga,1
forcesulu,1
fortybarong,1
frut,1
fungia,2
fungite,1
g,7
gaabot,1
gaano,1
gaatang,1
gaatubang,4
gabago,1
gabas,1
gabasero,1
gabhiona,2
gabie,5
gabii,26
gabuhat,1
gadagum,1
gadahom,1
gadumot,1
gaduwag,1
gagamit,1
gagmay,14
gagmayng,1
gahapon,12
gahi,3
gahig,2
gahilak,1
gahin,1
gahiron,1
gahulat,1
gahum,6
gahunahuna,2
gahuyop,1
gaingon,1
gainom,2
gakaon,3
galaad,3
galaksiyang,1
galamyon,1
galapos,1
galingan,1
galunsad,1
galupad,6
galusgalosa,1
galuto,1
gamaw,1
gamayng,1
gambalay,1
gamhanan,1
gamit,7
gamita,1
gamiton,1
gamugna,2
ganahan,69
ganghaan,2
gangisingisi,1
ganig,1
ganiha,3
ganihang,2
ganina,1
ganinang,2
gapu,1
gapus,1
garantiya,1
gareb,1
garganerea,1
garlene,1
gartzke,1
gasanga,1
gasigarilyo,1
gaspang,1
gasul,1
gasunod,1
gatapunog,1
gatasan,1
gatosan,1
gatou,1
gatugon,1
gatugtog,1
gatuo,1
gatuon,2
gatus,10
gatusan,2
gauli,1
gawas,32
gawasanan,1
gawi,2
gayud,35
gedor,1
gergesehanon,1
gersom,1
giabiabi,1
giablihan,1
giabog,2
giadto,1
giadtoan,2
giagasan,1
giaklas,2
gialagaran,1
giamin,1
gianak,1
giandam,2
giangkan,1
giangkon,3
giapas,1
giatake,2
giatiman,1
giawasan,1
giayo,2
>>>>>>> 9dfe370b30e15142589708a5424f55a0604acdbd
giayos,1
gibabaan,1
gibabagan,1
<<<<<<< HEAD
gibadlong,5
gibago,1
gibagyo,1
gibaha,1
gibahad,2
gibahin,3
gibahinbahin,5
gibakbak,1
gibaktas,1
gibakyaw,4
gibalewala,2
gibalhin,3
gibalhog,2
gibalibag,1
gibaligya,10
gibalik,7
gibalikan,1
gibalita,5
gibalitang,1
gibanabana,8
gibangon,1
gibanhaw,6
gibanlas,1
gibanlud,1
gibantayan,1
gibaril,2
gibasa,19
gibasehan,1
gibasol,6
gibatayag,1
gibati,15
gibato,2
gibatonan,1
gibautismohan,3
gibawal,1
gibawian,1
gibayad,3
gibayangan,2
gibayaran,1
gibayaw,3
gibayran,1
gibbar,1
gibethon,1
gibhapon,1
gibiaybiay,1
gibihag,1
gibilanggo,1
gibili,1
gibilin,10
gibinoangan,2
gibira,3
gibisbisan,1
gibisita,9
gibistihan,1
gibitay,2
gibitbit,2
gibiyaan,18
gibiyaang,2
giblang,1
gibohusan,2
giboto,2
gibotohan,1
gibuak,2
gibuang,2
gibuangan,1
gibubo,3
gibuboan,1
gibubuoan,1
gibug,1
gibugatan,2
gibugaton,5
gibuhat,187
gibuhatan,3
gibuhi,1
gibuhian,5
gibuka,3
gibuklad,2
gibuksan,4
gibulagan,1
gibullyan,1
gibunalan,5
gibunlot,1
gibunot,1
gibusog,1
gibutaan,1
gibutag,1
gibutanang,1
gibutang,45
gibutangan,6
gibutdan,2
gibutngan,9
gibutyag,3
gibuwag,1
gicanonized,1
gicastigo,1
gicircuncidahan,2
gidadan,1
gidaghanon,24
gidagit,1
gidagkotan,1
gidagkutan,1
gidagmalan,1
gidahom,1
gidakon,6
gidakop,13
gidakup,4
gidala,74
gidalayeg,1
gidali,1
gidamgo,2
gidangatan,1
gidani,1
gidaot,3
gidapigan,1
gidapit,1
gidaro,1
gidasig,2
gidaug,3
gidawat,8
gidayeg,3
gidayon,2
gidebate,1
gideklara,5
gideklarar,2
gidepensahan,1
gididan,1
gidihog,1
gidihogan,1
gidiktan,1
gidilaan,1
gidili,6
gidilian,1
gidisenyo,1
giduaw,3
gidudahan,4
gidudahang,5
gidugang,4
gidugangan,2
gidugayon,1
gidugmok,1
gidukduk,1
gidulaan,1
gidulan,1
gidulot,1
gidulotan,1
gidumala,1
gidumtan,5
gidunggab,5
gidungog,2
giduol,3
giduslak,1
giduso,2
giembalsamar,1
giestorya,2
giestoryahan,2
gigahin,1
gigakos,1
gigakus,2
gigalongan,2
gigamit,27
gigamot,1
gigamutan,2
giganahan,11
gigantihan,2
gigapus,1
gigasahan,1
gigasto,1
gigawas,4
gigikanan,9
gigisi,3
gigong,1
giguba,7
gigubot,1
gigukod,9
gigulaan,2
gigunitan,6
giguntitan,1
gigupit,1
gigusto,3
gigutom,14
giguwardiyahan,1
gihabogon,4
gihabogong,1
gihabugon,1
gihagit,1
gihagkan,4
gihalad,12
gihalo,3
gihalokan,2
gihalukan,6
gihalupan,1
gihampak,10
gihanay,2
gihanda,2
gihandaan,1
gihandom,1
gihangya,1
gihangyo,7
gihanyag,1
gihapak,2
gihapithapitan,2
gihapon,56
gihapoy,1
giharas,3
gihasi,1
gihasol,1
gihatag,77
gihatagag,1
gihatagan,34
gihatud,2
gihawa,1
gihawiran,1
gihayat,1
gihidlaw,1
gihigdaan,1
gihigot,1
gihigtan,2
gihigugma,59
gihiguma,1
gihikap,2
gihikay,3
gihikot,2
gihilakan,1
gihilamusan,1
gihilantan,2
gihilasan,2
gihiloan,3
gihimakak,1
gihimaraut,1
gihimo,52
gihimong,1
gihinganlan,36
gihinginlan,2
gihisgot,1
gihisgutan,7
gihiusa,2
gihiwa,1
gihiwahiwa,1
gihiwanan,2
gihlas,1
gihubad,1
gihubit,3
gihubo,1
gihubog,1
gihugasan,4
gihugawan,5
gihugpong,1
gihukad,1
gihukman,5
gihulagway,5
gihulaman,1
gihulat,1
gihulga,14
gihulman,1
gihulog,2
gihuman,8
gihuna,2
gihunahuna,25
gihunghong,2
gihungitan,2
gihunong,3
gihuptan,2
gihurot,2
gihuwad,1
gihuwat,1
gihuyop,1
giidolo,1
giignan,5
giihaw,3
giiingon,1
giila,20
giilang,1
giilia,1
giilisan,1
giimbestigahan,3
giimbita,2
giimbitahan,5
giimnan,2
giimport,1
giimprove,5
giindorso,1
giinfect,1
giingganyo,1
giingna,1
giingnan,11
giingon,150
giingong,9
giingun,5
giinit,1
giinngon,1
giinom,4
giinsistir,2
giinspeksyon,1
giisa,1
giisikapubliko,1
giisip,21
giistorya,4
giistoryahan,3
giistudyohan,1
giitsahan,1
giiwayan,1
gika,2
gikabalaka,1
gikabalakan,1
gikabuangan,2
gikabut,1
gikahadlokan,1
gikahadlokang,1
gikahadlukang,1
gikahimutan,1
gikaligutgutan,1
gikalipay,2
gikalot,4
gikalubong,1
gikamatay,1
gikambyoan,2
gikan,716
gikandado,1
gikansela,1
gikaon,47
gikapadayag,1
gikapagula,2
gikapasaka,1
gikapoy,33
gikapuyan,1
gikarga,1
gikasal,2
gikasubo,2
gikasuhan,3
gikasukan,2
gikasulat,2
gikataho,15
gikatahong,1
gikatawan,5
gikawat,4
gikawatan,3
gikidhat,1
gikidnap,2
gikilatan,1
gikinabuhi,1
gikinahanglan,16
gikiskisan,1
giklaro,1
giklasipikar,5
gikolekta,1
gikompisal,1
gikonbikto,2
gikondena,1
gikonsidera,2
gikonsiderar,7
gikontra,1
gikoronahan,1
gikubkob,1
gikugaan,1
gikuha,93
gikuhaan,3
gikulata,1
gikulbaan,3
gikulit,3
gikulong,1
gikumpirma,2
gikumpiska,1
gikundina,1
gikuniskunis,3
gikuptan,3
gikusgan,1
gikusi,1
gikuyogan,1
gilaay,4
gilabag,1
gilabay,4
gilabayan,2
gilabog,1
giladmon,1
giladmong,1
gilagbasan,1
gilaglag,6
gilahi,2
gilahugay,1
gilain,6
gilakaw,1
gilakip,3
gilakipan,1
gilalang,2
gilalin,1
gilamoy,3
gilampaso,1
gilangan,1
gilangkuban,10
gilansisan,1
gilapdong,1
gilas,1
gilata,1
gilauman,3
gilawigan,1
gilayo,1
gilayon,4
gilayong,2
gilibut,2
gilibutan,1
gilid,1
giligid,1
giligonan,1
gilihok,1
gilimbongan,2
gilimod,1
gilimpyohan,3
gilingkuran,1
gilista,9
giliyokan,1
giloim,1
giloko,1
giluagan,1
giluba,1
gilubong,16
gilugos,4
gilukat,1
gilulan,1
giluod,1
gilupig,1
gilupigan,1
gilusok,1
gilutas,1
giluto,8
gilutoan,1
gilutong,1
gilutos,3
gilutuan,2
giluwanan,1
giluwas,8
gimandoan,3
gimantala,2
gimarinate,1
gimarkahan,2
gimata,1
gimatoto,1
gimbutan,1
gimingaw,6
gimugna,2
ginaabug,2
ginaagian,1
ginaampo,3
ginaangkon,2
ginaatake,2
ginaatiman,1
ginaaway,1
ginaawayan,1
ginabadlong,1
ginabago,1
ginabaid,1
ginabalaan,1
ginabaligya,2
ginabanlas,1
ginabantayan,1
ginabasa,6
ginabatasan,1
ginabati,1
ginabawal,1
ginabawalan,1
ginabayaw,1
ginabihag,1
ginabilin,2
ginabuhat,34
ginabunalan,1
ginabutan,1
ginabutang,2
ginadahum,1
ginadako,1
ginadali,1
ginadawat,5
ginadayeg,2
ginadili,2
ginadumtan,3
ginaestorya,1
ginagamit,9
ginagarbo,1
ginagatasan,1
ginagawang,1
ginahain,1
ginahalo,1
ginahangad,1
ginahasol,1
ginahatag,4
ginahatagag,1
ginahigugma,6
ginahimo,4
ginahinganlan,1
ginahisgutan,2
ginahiusa,1
ginahugasan,2
ginahulat,5
ginahuna,1
ginahunahuna,6
ginahungitan,2
ginaimbestigahan,1
ginaimnan,1
ginaingon,17
ginaingong,1
ginaingun,3
ginainom,1
ginaisip,1
ginaistorya,3
ginakabig,1
ginakahadlokan,1
ginakaon,21
ginakaonan,1
ginakasaban,2
ginakasilagan,1
ginakaunan,1
ginakoan,1
ginakolekta,1
ginakuha,1
ginakulbaan,1
ginakumot,1
ginakumpara,1
ginalantaw,1
ginalaom,1
ginalapas,1
ginalikayan,2
ginalikusan,1
ginalimod,1
ginalimpyohan,1
ginaling,1
ginalingkoran,1
ginaluto,2
ginama,2
ginamatarung,1
ginamit,1
ginamiton,1
ginamugna,1
ginamulto,1
ginanganlan,1
ginaoffer,1
ginapaabot,1
ginapabuhat,4
ginapadako,2
ginapagtaggol,1
ginapagula,1
ginapahayag,1
ginapahimutang,1
ginapahulat,1
ginapakabalaan,1
ginapakaboang,1
ginapakaon,12
ginapakatawa,1
ginapakaulawan,1
ginapakilooy,2
ginapakuratan,1
ginapakusog,1
ginapalanstsahan,1
ginapalid,1
ginapalukban,1
ginapamatay,1
ginapamatngun,1
ginapaminaw,1
ginapamulong,1
ginapanagiyahan,1
ginapangagian,7
ginapangaliyupo,3
ginapangandoy,1
ginapangayo,1
ginapanghambog,1
ginapangita,8
ginapangsulti,3
ginapanigta,1
ginapapadayun,1
ginapasabot,2
ginapasalamatan,1
ginapaseguro,1
ginapasuko,1
ginapatay,8
ginapatik,1
ginapatugtog,1
ginapatungan,1
ginapinturahan,2
ginapos,1
ginaputol,1
ginapuyan,3
ginarespeto,1
ginasabayan,1
ginasagol,1
ginasagukom,1
ginasagulan,1
ginasalagan,1
ginasalibay,1
ginasaradan,1
ginasaway,1
ginasayang,1
ginaselebrar,1
ginaselosan,1
ginasilutan,1
ginasimhot,1
ginasinagan,1
ginasingkahan,1
ginasirado,1
ginasolusyunan,2
ginastoryahan,1
ginasugo,5
ginasukod,1
ginasulaatan,1
ginasulat,3
ginasuliyawan,1
ginasulod,1
ginasulti,7
ginasumay,1
ginataan,2
ginataang,1
ginatabangan,2
ginatabyog,2
ginatagaan,1
ginatago,5
ginatagoan,1
ginatahod,1
ginatalinugan,1
ginatan,3
ginatanaw,4
ginatanom,1
ginatawag,6
ginatawagan,3
ginatiman,1
ginatimbang,1
ginatitigan,1
ginatudlo,2
ginatudloan,1
ginatugotan,1
ginatugtan,1
ginatugutan,1
ginatukmod,1
ginatuok,1
ginaturing,1
ginatus,1
ginatutokan,1
ginatuyo,1
ginatuyok,1
ginaunsa,2
ginaurom,1
ginauwag,1
ginawi,1
ginayatakan,1
ginganlag,1
ginganlan,9
gingharian,15
ginhawa,2
ginhawaan,1
ginigugma,1
ginikanan,39
gininhawa,5
gininhawaaan,1
ginkaonon,1
ginnethon,1
ginoo,83
ginooginoo,1
ginoong,26
ginsakupan,1
ginsugo,1
ginuo,1
ginuti,1
giokupar,1
giorganisar,1
gipa,1
gipaabot,3
gipaabut,3
gipaadto,2
gipaadtoan,1
gipaagi,1
gipaagpas,1
gipaak,8
gipaambit,1
gipaandam,1
gipaanhi,4
gipaatubang,2
gipaawit,1
gipabalik,4
gipabantayan,1
gipabitay,1
gipabuhat,2
gipabukalan,2
gipabulag,1
gipaburosan,2
gipadadan,4
gipadagaya,1
gipadako,4
gipadaku,1
gipadala,17
gipadalhan,2
gipadali,1
gipadayag,5
gipadayon,4
gipadpad,1
gipadulngan,1
gipadungog,1
gipadungogdungog,2
gipaduo,1
gipaduol,1
gipagahi,4
gipagawas,7
gipagdrayb,1
gipagpaliban,1
gipagtanggol,1
gipagula,6
gipagulaan,1
gipagupitan,1
gipahamtang,2
gipahamutang,3
gipahat,1
gipahatag,1
gipahawa,2
gipahayag,10
gipahibalo,8
gipahibawo,1
gipahid,2
gipahigawas,1
gipahigayon,1
gipahilak,2
gipahilum,1
gipahimo,1
gipahimuslan,1
gipahinabo,2
gipahinanok,1
gipahinayan,1
gipahinumdom,2
gipahinungod,2
gipahiram,1
gipahulam,1
gipahulat,1
gipaila,3
gipailaila,5
gipaingon,1
gipainit,1
gipainum,2
gipait,1
gipakababoy,2
gipakabasura,2
gipakadiyos,1
gipakaingon,1
gipakaligon,1
gipakamaayo,2
gipakamatarung,1
gipakaon,12
=======
gibadlong,4
gibagan,1
gibahin,1
gibahinbahin,1
gibalhin,1
gibalhog,1
gibaligya,1
gibalik,4
gibalita,1
gibalitang,1
gibanabana,7
gibangon,1
gibanhaw,1
gibanlud,1
gibaril,1
gibasa,1
gibasol,2
gibati,4
gibautismohan,1
gibayaw,1
gibilin,2
gibinoangan,1
gibisita,3
gibiyaan,4
gibiyaang,1
gibuak,1
gibubo,2
gibugatan,3
gibugaton,2
gibuhat,42
gibuhian,2
gibuklad,1
gibuksan,3
gibulagan,1
gibunalan,2
gibutag,1
gibutanang,1
gibutang,13
gibutangan,1
gibutngan,2
gidaghanon,4
gidakon,5
gidakop,4
gidakup,1
gidala,23
gidapigan,1
gidawat,4
gidayon,1
gideklara,1
gideklarar,1
gididan,2
gidili,2
gidudahan,3
gidugang,2
gidulan,1
gidumtan,2
gidunggab,1
giduol,2
giestorya,1
gigamit,7
gigamot,2
gigamutan,1
giganahan,2
gigapos,1
gigapus,1
gigawas,1
gigikanan,2
gigong,1
giguba,1
gigukod,5
gigulaan,5
gigunitan,1
giguntitan,1
gigupit,1
gigutom,4
gihabogon,1
gihagkan,1
gihalad,5
gihalukan,2
gihampak,2
gihangyo,1
gihapak,1
gihapithapitan,1
gihapon,13
gihatag,17
gihatagan,13
gihatud,2
gihidhiran,2
gihigtan,1
gihigugma,9
gihiguma,1
gihikot,2
gihilamusan,1
gihilantan,2
gihilasan,1
gihimakak,2
gihimaraut,1
gihimo,20
gihinganlan,9
gihubit,1
gihubog,1
gihugawan,1
gihukad,1
gihulagway,5
gihulat,1
gihulga,6
gihulog,2
gihuman,1
gihunahuna,6
gihungitan,1
gihuwad,1
gihuwat,1
giiingon,1
giila,6
giimprove,1
giingnan,6
giingon,29
giingong,4
giingun,2
giinngon,1
giinom,1
giinspeksyon,1
giisip,4
giistorya,1
giitsahan,1
gika,1
gikaan,1
gikalamba,1
gikalipay,2
gikalot,1
gikan,209
gikansela,1
gikaon,11
gikapagula,2
gikapasulod,1
gikapoy,4
gikapuyan,1
gikasaban,1
gikasubo,1
gikataho,5
gikatawan,2
gikawat,1
gikawatan,1
gikidnap,1
gikinahanglan,1
gikiskisan,1
giklasipikar,4
gikosokoso,1
gikubkob,1
gikuha,26
gikuhaan,1
gikulbaan,1
gikulit,2
gikumpirma,1
gikuptan,1
gilabay,2
gilabog,1
gilaglag,2
gilain,2
gilakip,2
gilakipan,1
gilalin,1
gilamoy,1
gilangan,1
gilangkuban,7
gilansang,1
gilas,2
gilata,1
gilayon,1
gilibutan,1
giligid,1
gilimbongan,1
gilimitahan,1
gilimod,1
gilimpyohan,1
gilista,3
giliyokan,1
giluagan,1
gilubaglubag,1
gilubong,4
gilupigan,1
gilusok,1
giluto,2
gilutoan,1
giluwas,2
gimandoan,1
gimarinate,1
gimata,1
gimingaw,1
ginaagian,1
ginaangkon,1
ginaatake,1
ginabadlong,1
ginabalaan,1
ginabaligya,1
ginabasa,1
ginabatasan,1
ginabilin,1
ginabuhat,7
ginadawat,1
ginadumtan,1
ginagamit,1
ginahalad,2
ginahasol,1
ginahimo,2
ginahulat,2
ginahunahuna,1
ginaingon,6
ginaingong,1
ginaingun,1
ginakahadlokan,1
ginakaon,2
ginakumot,1
ginaluto,1
ginamantala,1
ginamonitor,1
ginapabuhat,1
ginapagula,2
ginapakaon,4
ginapakuratan,1
ginapamatngun,1
ginapamulong,1
ginapanagiyahan,1
ginapangagian,1
ginapangayo,1
ginapangita,4
ginapapadayun,1
ginapasabot,1
ginapatay,1
ginapinturahan,1
ginasagol,1
ginasakit,1
ginaselebrar,1
ginaselosan,1
ginasilutan,1
ginasingkahan,1
ginasolusyunan,1
ginasulat,1
ginasuliyawan,1
ginasulti,3
ginataan,1
ginataang,1
ginatagaan,1
ginatago,2
ginatagoan,1
ginatanaw,1
ginatawag,2
ginatuyo,1
ginaunsa,2
ginauwag,1
ginganlag,2
ginganlan,2
gingharian,8
ginhawa,2
ginhawaan,1
ginikanan,9
ginoo,25
ginoong,7
ginuo,1
giorganisar,1
gipaabot,1
gipaabut,3
gipaadto,1
gipaagpas,1
gipaak,1
gipaanhi,2
gipaasawa,1
gipabakwit,1
gipabantayan,1
gipabuhat,1
gipabukalan,1
gipadala,2
gipadali,1
gipadayag,3
gipadayon,2
gipagawas,4
gipagtanggol,1
gipagula,6
gipagulaan,2
gipahayag,6
gipahimuslan,2
gipahinabo,1
gipahinumdom,1
gipahinungod,1
gipaila,1
gipailaila,3
gipakaligon,1
gipakamaayo,2
gipakaon,3
>>>>>>> 9dfe370b30e15142589708a5424f55a0604acdbd
gipakaslan,1
gipakatawhan,1
gipakatulog,1
gipakaubos,1
gipakaulawan,1
gipakiglalisan,1
gipakiglantugian,1
<<<<<<< HEAD
gipakilooy,1
gipakita,17
gipakitaan,1
gipakitaming,2
gipalabi,2
gipalakaw,9
gipalapdan,2
gipalatigo,1
gipalibutan,1
gipaligon,1
gipalihok,1
gipalimpyohan,1
gipalingkod,1
gipalipay,1
gipalit,22
gipalitan,5
gipalong,2
gipalubog,1
gipaluwagan,1
gipamaayo,1
gipamahaw,1
gipamaligya,1
gipamalit,2
gipamantala,1
gipamatay,35
gipamati,2
gipamatudan,3
gipamilanggo,1
gipaminaw,1
gipamuhat,1
gipamulong,6
gipamutlan,1
gipana,1
gipanabonan,2
gipanaghukman,1
gipanagisip,1
gipanagiya,2
gipanagiyahan,1
gipanaglutos,1
gipanagpatay,1
gipanagsabutan,1
gipanagsakit,1
gipanagtawag,2
gipanalangin,2
gipanalanginan,14
gipanalipdan,5
gipanamaran,1
gipanamkon,1
gipananaw,1
gipandongan,1
gipang,2
gipangaliyupo,2
gipangalot,2
gipanganak,9
gipangandoy,2
gipanganod,1
gipangaon,1
gipangasawa,1
gipangatag,1
gipangayo,9
gipangayoan,1
gipangbuhat,16
gipanggisi,1
gipanghambog,9
gipanghimakak,6
gipanghimaraut,1
gipanghimatudan,3
gipangingon,1
gipangistorya,1
gipangit,2
gipangita,10
gipangluto,1
gipangluwas,1
gipangsindihan,1
gipangstorya,1
gipangsulti,3
gipangtun,1
gipanguban,1
gipangulohan,1
gipangutan,1
gipangutana,17
gipanguyaban,1
gipanidan,1
gipaningkamotan,31
gipaningkamutan,1
gipaningot,1
gipanitan,2
gipansulti,1
gipanugyan,1
gipanulat,1
gipanulod,1
gipanulti,7
gipanumpa,6
gipanumpaan,1
gipapadayon,1
gipapahawa,3
gipapanumpa,4
gipapas,1
gipapatlaag,1
gipapauli,2
gipapilit,1
gipapunggotan,1
gipaputlan,1
gipapuyo,3
gipares,1
gipasa,3
gipasabot,1
gipasabut,5
gipasagdan,3
gipasaka,2
gipasakaan,2
gipasakay,1
gipasakitan,3
gipasalamatan,4
gipasalida,1
gipasanginlan,2
gipasanginlang,4
gipasarado,1
gipasaylo,1
gipasidanan,1
gipasidunggan,4
gipasigarbo,1
gipasinaw,1
gipasipalahan,1
gipasirado,2
gipasiugda,1
gipasiugdahan,2
gipaso,1
gipaspasan,5
gipasugoan,6
gipasulod,7
gipasunod,1
gipatalinghugan,3
gipatanaw,1
gipatanggal,1
gipatawag,10
gipatay,160
gipataysulod,1
gipatigum,1
gipatik,1
gipatindog,7
gipatong,1
gipatugbaw,3
gipatulog,1
gipatuman,2
gipatungas,3
gipatuotuo,2
gipaubos,6
gipauga,2
gipaulan,1
gipauna,1
gipaundang,1
gipaypayan,1
gipikas,1
gipiktyuran,1
gipildi,1
gipili,24
gipinahan,1
gipindot,2
gipinig,1
gipintalan,2
gipinturahan,1
gipitik,1
giplano,1
giplantsa,1
giplastar,1
gipoo,1
giporma,1
giposasan,2
gipost,1
gipresentar,1
gipreserba,1
giprinta,1
giprito,1
giproseso,1
giprotektahan,1
giprotektuhan,1
gipuga,1
gipugngan,3
gipugos,1
gipukaw,6
gipulan,1
gipulihan,1
gipunit,1
gipuno,3
gipunting,2
gipusgay,1
gipusil,16
giputol,3
gipuyan,7
girapido,1
girekomenda,1
girekord,2
gireport,1
girepresenta,2
girespetohan,1
gisaad,12
gisabayan,1
gisablig,4
gisabud,1
gisagol,5
gisagpa,1
gisagulan,2
gisakan,1
gisakit,6
gisakop,1
gisakot,2
gisaktan,1
gisakyan,7
gisalba,1
gisalibay,2
gisaligan,3
gisalikway,5
gisamaran,4
gisamok,1
gisampay,2
gisamukan,1
gisanagan,1
gisangat,1
gisangpit,1
gisangunan,1
gisapsapan,1
gisaradan,1
gisaulog,4
gisayawan,1
gisaysay,1
gisentensiyahan,2
gisenyasan,1
giserhan,2
gisidlakan,1
gisigurado,1
gisikop,2
gisilbihan,1
gisilotan,1
gisimbolo,1
gisinggit,1
gisingkamotan,1
gisinyasan,1
gisiong,2
gisipon,2
gisiradan,1
gisirado,1
gisirhan,4
gisirkunsidohan,1
gisoot,1
gisout,1
gispell,1
gistoryahan,1
gisubay,2
gisudlan,2
gisugat,1
gisugdan,5
gisugilon,7
gisuginlan,11
gisugo,64
gisugyot,9
gisuhan,1
gisukat,1
gisukitsukit,1
gisukna,3
gisukod,3
gisulat,21
gisulatan,2
gisulayan,20
gisulbad,1
gisulob,3
gisuloban,3
gisulod,6
gisulong,5
gisulte,1
gisulti,58
gisultihan,6
gisulud,2
gisulyi,1
gisumbong,2
gisumite,2
gisumpong,2
gisundan,14
gisundog,1
gisunod,1
gisunog,9
gisunud,2
gisuot,1
=======
gipakita,7
gipakitaan,1
gipalabi,1
gipalakaw,2
gipalapdan,1
gipalimpyohan,1
gipalit,1
gipalitad,1
gipalitan,2
gipalubog,1
gipamalit,1
gipamatay,7
gipaminaw,1
gipamulong,5
gipamutlan,1
gipanabonan,1
gipanaghukman,1
gipanagiya,2
gipanaglatus,1
gipanaglimbongan,1
gipanagpuno,1
gipanalipdan,2
gipanamaran,1
gipangaliyupo,1
gipangalot,1
gipanganak,4
gipangandoy,1
gipangasawa,1
gipangayo,2
gipangbuhat,1
gipangdala,1
gipanghambog,4
gipanghimatudan,1
gipangita,5
gipangluwas,1
gipangsulti,2
gipangutana,4
gipanguyapan,1
gipaningkamotan,6
gipanumpa,1
gipapahawa,3
gipapanumpa,2
gipapauli,1
giparalisis,1
gipasa,1
gipasabot,1
gipasabut,1
gipasagdan,2
gipasaka,1
gipasakop,1
gipasalaag,1
gipasalamatan,2
gipasanginlan,1
gipasiugda,1
gipasugoan,1
gipasulod,3
gipasunod,1
gipatalinghugan,1
gipatanaw,1
gipatawag,2
gipatay,24
gipatigum,1
gipatik,1
gipatinaw,2
gipatindog,1
gipatugbaw,2
gipatuman,2
gipatuotuo,1
gipaubos,3
gipildi,1
gipili,10
gipintalan,1
gipirmahan,1
giporma,1
giposasan,1
gipost,1
gipreserba,1
giproseso,1
giprotektahan,1
gipuga,2
gipugngan,3
gipukaw,1
gipuno,2
gipusil,1
giputos,1
gipuyan,5
gireport,1
girespetohan,1
gisaad,3
gisabayan,1
gisablig,1
gisagol,1
gisagpa,1
gisagulan,1
gisakit,4
gisakot,2
gisakyan,1
gisalikway,2
gisampay,1
gisaulog,2
gisaway,1
gisayawan,1
gisentensiyahan,1
gisenyasan,1
giserhan,1
gisidlakan,1
gisirhan,1
gisugdan,1
gisugilon,2
gisuginlan,5
gisugo,11
gisugyot,3
gisukod,2
gisulat,2
gisulayan,3
gisulbad,1
gisuloban,1
gisulti,9
gisultihan,2
gisulud,1
gisumite,1
gisundan,2
gisundog,1
gisunog,2
>>>>>>> 9dfe370b30e15142589708a5424f55a0604acdbd
gisupak,1
gisuportahan,5
gisuroy,1
<<<<<<< HEAD
gisusi,2
gisuso,1
gisuspinde,1
gisuta,1
gisuwat,1
giswerte,1
gitaas,2
gitabang,1
gitabangan,13
gitabok,1
gitabonan,2
gitabunan,4
gitagaan,3
gitagad,1
gitagal,2
gitagalan,2
gitagana,2
gitago,7
gitagoan,1
gitahing,2
gitaho,11
gitahod,1
gitakasan,1
gitakda,1
gitakpan,1
gitala,1
gitalikalaan,1
gitalikdan,1
gitamakan,1
gitamay,2
gitambagan,2
gitambog,4
gitamod,1
gitamparos,2
gitan,1
gitanaw,19
gitangaan,2
gitanggal,4
gitangtang,1
gitanom,5
gitanum,1
gitapis,2
gitaptan,1
gitapus,1
gitara,13
gitaraha,2
gitarista,1
gitarog,1
gitason,10
gitawag,45
gitawagan,6
gitawgan,1
gitawo,1
gitiawtiawan,2
gitigbas,2
gitigum,11
gitilaan,1
gitilapan,2
gitimanan,1
gitimbaya,1
gitingbaya,1
gitinguha,4
gitipigan,1
gitipon,1
gitistingan,2
gitnag,1
gitnang,1
gitokahan,1
gitoohang,1
gitortyur,1
gitrato,1
gitsek,1
gitubag,2
gituboy,1
gitudlo,9
gitudloag,2
gitudloan,2
gitug,1
gituganan,2
gitugnaw,1
gitugob,2
gitugon,1
gitugot,1
gitugotan,7
gitugtan,2
gitugutan,1
gitugyan,19
gitugyawan,1
gitukmod,1
gitukod,17
gitulak,1
gituman,2
gitunan,1
gitunga,2
gitunglo,2
gitungtong,2
gitunob,1
gitunol,3
gituohan,11
gituohang,5
gituslob,1
gitutokan,1
gituyo,10
gituyod,6
gitwag,1
giubanan,6
giugdaw,2
giuhaw,4
giukan,2
giukban,1
giula,1
giulam,1
giuli,1
giulipon,1
giuloulohan,1
giumol,3
giunahan,1
giunhan,1
giunlanan,1
giunlod,1
giunsa,43
giusab,4
giusik,1
giusil,1
giwagtang,1
giwala,2
giwali,1
giwitwitan,2
giya,1
giyahat,7
giyawaan,4
giyawit,1
giyera,9
giyud,6
glupad,1
gmelina,1
gnemon,1
gnetum,1
gobyerno,31
gobyernong,2
gobyernosapagkadestiyero,1
gohing,1
goliat,1
golpkors,2
gomburza,2
gomorra,4
goniastrea,2
goniopora,4
gorilya,2
gowa,1
grabeng,5
gracilirostris,1
grahe,1
grapiko,1
grasya,5
gregong,1
gresya,2
gresyanhon,1
griffini,1
gripo,3
griyego,5
groselya,1
grundnormnga,1
guato,1
gubaa,2
gubaon,1
gubat,34
gubon,1
gubot,23
gubuta,1
gudgoda,1
gudngari,1
guevarra,2
gugma,19
gugmang,1
guideliens,1
guidotealvarez,1
guihulngan,4
guilhulngan,1
guinamos,1
guinikanan,8
guinobatan,1
guitarfish,1
guitingguiting,1
gukod,1
gulaanan,1
gulaman,18
gulanan,1
gulay,19
gulayan,1
gulod,1
gulpo,3
gumamela,23
gumikan,8
gumula,2
gunforhire,5
guniguni,1
guniti,7
gunrunner,1
gunting,1
guol,1
gupit,3
gurongkong,1
gusali,4
guso,2
gusok,2
gussto,1
gustog,8
gustohon,1
gustong,13
gutmon,1
gutom,35
gutumon,1
guusto,1
guwang,1
guwapa,1
guwapo,2
guyam,1
gwantes,1
gwapa,19
gwapo,1
gwapong,2
gwardya,1
gyera,2
gyod,9
gyong,1
gyrud,1
gyud,181
gyudinit,1
gyuy,4
h,2
habacuc,2
habagat,1
habagatan,24
habagatang,11
habagatangsilangang,1
habagatansidlakang,3
habila,1
habitasyon,1
habol,22
habolhabol,1
hadareser,1
hadasa,1
hadassa,1
hadlok,15
hadlukan,1
hadoram,1
haduol,30
hagbay,1
hagdan,1
hagdanan,7
hagdawan,1
haggeo,1
hagiton,1
hagkan,1
haguros,1
hahohanon,1
haing,3
hakog,4
hakot,1
hakup,2
halac,1
halad,80
haladinihaw,1
haladnga,1
haladngabinayaw,8
haladngaginasunog,1
haladngailimnon,12
haladngakalanon,38
haladngakinabubuton,1
haladngasinunog,48
haladngatinabyog,4
haladsamgapasalamat,1
haladsapagkigdait,1
haladsapagpahinungod,1
haladsapakigdait,35
haladsapasalamat,1
haladtungodsapaglapas,9
haladtungodsasala,65
halalum,2
halang,3
halangdon,2
halangdong,1
halapad,5
halaran,64
halayo,18
halfmasted,1
halhul,1
haligi,14
haliging,1
haligisapultahan,2
halimbawa,2
haloa,1
halohalo,9
halok,1
halokan,2
halophila,1
haluhalo,1
halus,2
hamathsoba,1
hambog,5
hambugero,1
hamburdyer,1
hamili,1
hamog,1
hamotehanon,1
hampak,16
hampaka,1
hampakon,2
hamtong,8
hamubo,1
hananias,1
hanap,2
hanas,3
hanaw,1
hanay,3
handumanan,15
handumon,1
handuraw,1
handurawan,6
handurawat,1
handuwaran,2
hangda,1
hangganan,1
hangtod,66
hangtodhangtod,3
hangtodmga,1
hangtud,122
hangyo,3
hanoh,1
hantod,14
hantud,4
hanyo,1
hapharaim,1
hapit,58
hapon,85
hapones,5
haponingles,1
hapsay,2
harbona,1
hardinero,1
harianon,1
harianong,1
harmuth,1
harodihanon,2
harrisonnamatay,1
hasabias,1
hasarenan,1
hasarsual,2
hasarsusa,1
haseroth,5
haska,1
hasmona,3
hasor,2
hastang,1
hataas,8
hatad,2
hatag,8
hatagan,10
hatagas,8
hatagi,17
hatagig,1
hatia,1
hatipha,1
havila,1
hawak,3
hawakan,1
hawan,10
hawanan,1
hawaon,2
hawd,2
hawidi,1
hawksbills,1
hawla,1
hawod,23
hawon,1
hawot,2
hawud,11
hayag,12
hayaon,1
haykap,1
haylayt,1
hayloag,2
haynayan,1
hayop,168
hayskol,1
hayskul,3
hayup,7
hayupan,4
hebehanon,1
hebreohanon,8
hectarea,1
hedkwarter,1
heherson,1
hektaryas,2
helcai,1
heliofungia,3
helon,1
hemdan,1
hemispero,1
hemprichii,1
heneral,9
henerasyon,1
henero,11
henetika,1
henyo,1
heograpiya,4
hepe,13
hepher,4
heran,2
herbabuena,1
herbao,1
hernaez,1
hesbon,8
hesmom,1
hesrai,1
hesron,3
hesu,2
hetehanon,6
hethehanon,1
hevehanon,1
hhayop,1
hhuamn,1
hiabtan,1
hibalan,2
hibalhin,1
hibaloan,7
hibaloi,4
hibangkaagan,1
hibatonan,1
hidadi,1
hidakpan,2
hidekel,1
hidlas,1
hidroheno,1
hidunggan,5
hidunggi,1
higala,69
higalang,1
higante,4
higanteng,1
higayon,47
higayuna,1
higda,1
higdaan,1
higdaanan,15
highprofile,1
higopa,1
higot,2
higpit,3
higugma,1
higugmaa,3
higugmaon,8
hihala,1
hihunghong,1
hiilhi,1
hikalimtan,1
hikaplagan,13
hikaplagi,2
hikapon,2
hikatoni,1
hikay,1
hikayon,1
hikitan,1
hikiti,1
hikog,1
hikot,1
hiktin,1
hilabiban,1
hilabihan,32
hilabihang,1
hilabtanon,1
hilabti,2
hilaga,1
hilagang,1
hilak,13
hilakan,1
hilakhilak,2
hilamon,1
hilanat,3
hilao,1
hilaw,10
hilcias,1
hilig,12
hilihod,2
hilisgutan,3
hilit,2
hilnilakay,1
hilom,11
hilumon,2
himabayi,2
himalatyon,1
himalatyong,1
himamat,1
himamaylan,1
himaya,13
himo,9
himoa,9
himoang,4
himohimo,1
himoig,1
himoon,14
himoong,2
himpilan,1
himsog,4
himuang,2
himulotan,1
himuon,19
himuong,1
himuot,1
hinabang,4
hinagiban,19
hinakaon,1
hinalad,3
hinalangpon,1
hinalay,2
hinanali,4
hinanggaw,3
hinapon,3
hinaut,25
hinay,17
hinaya,3
hinayhay,2
hinayhinay,7
hinayninaya,1
hindot,1
hindunggan,1
hingabutan,1
hingaon,1
hingarangan,1
hingbaloan,1
hingbis,4
hingdunggan,9
hingiki,2
hinginlan,1
hinginom,1
hingkalimtan,1
hingkaplagan,14
hingkitan,11
hingkod,2
hingpit,22
hingsugatan,2
hingtundan,1
hingutangan,1
hinigugma,11
hinigugmang,2
hinilak,3
hinimo,22
hininginlan,1
hiniusang,1
hinlo,1
hinog,6
hinonoa,6
hinoon,12
hinooy,2
hinuat,1
hinuboan,2
hinulad,1
hinulga,1
hinulsoli,1
hinumdom,1
hinumdum,1
hinumduman,10
hinumdumi,8
hinungdan,106
hinungdanon,20
hinunoa,2
hinuon,6
hipalgan,1
hiphip,5
hipon,1
hipusa,2
hirit,2
hisahi,1
hisakti,1
hisgot,1
hisgutan,5
hisgutanan,1
hisgutanang,1
hisguti,1
hisiel,1
hisopo,3
histrix,1
hitabo,5
hitsara,2
hitsura,8
hitsuraan,1
hiulii,1
hiumaginit,1
hiyas,2
hizchi,1
hnde,1
hngitan,1
hobab,1
hobi,1
hoeksemai,1
hogaw,2
holdaper,1
honorio,1
hopia,6
hopiang,6
hopya,2
horehanon,3
horhaguidgad,3
horhanon,1
horma,3
httpwwwonlinebiblecom,1
hubad,1
hubag,6
huboa,1
hubog,5
huboon,3
hudisyal,1
hudno,4
hudyo,2
hugas,3
hugasan,2
hugasi,3
hugason,1
hugaw,15
hugawi,1
hugis,1
hugot,3
hugpong,1
hugpulong,5
hugti,1
hukmanan,2
hukom,10
hulagway,22
hulagwaya,2
hulat,9
hulata,2
hulatan,1
hulaton,2
hulaw,2
hulga,7
hulonan,1
hulyo,12
humalapit,1
humanon,4
humatag,1
humay,3
humok,1
humot,11
humulat,1
hunaa,1
hunahuna,78
hunahunaa,7
hunahunaan,1
hunahunaon,8
hunaon,1
hunghung,1
hungihong,2
hungit,8
hungitan,1
hungog,2
huni,1
hunong,12
hunonganan,1
hunta,1
huntahan,1
hunungan,1
hunungdan,1
hunungi,1
hunyango,1
hunyo,8
huorthurot,1
hupanan,1
hupiter,5
hupong,1
hupotan,1
hurado,1
huram,1
hurisdiksyon,2
hurot,1
husahanon,1
husatnon,1
husay,3
husim,3
hustisya,10
husto,11
hustong,3
huwamon,1
huwat,1
huwebes,12
huyang,1
huyuhoy,1
huz,1
hyelo,2
ialng,1
iampo,1
iapil,1
ibaar,1
ibabaw,246
ibalibag,1
ibaligya,13
ibalik,9
ibaliwala,3
ibantay,2
ibanting,2
ibasol,1
ibhar,1
ibilin,4
ibog,1
ibon,1
ibotang,2
iboutang,2
ibta,2
ibton,1
ibubo,1
ibubungan,1
ibutang,14
ibzan,3
iconio,1
idad,2
idalit,1
idapat,2
ideya,27
ideyang,1
idibuho,2
idolo,2
idugang,1
idumeahanon,1
idunol,1
iduot,1
iemail,1
igaanak,1
igabaligya,4
igabalik,1
igabayad,1
igabilin,2
igabubo,1
igabutang,29
igadugtong,1
igahalad,27
igahaladngasinunog,1
igahatag,28
igahigot,1
igahigut,1
igahin,1
igaingon,10
igaipon,1
igakalipay,1
igalkulo,1
igalubong,3
igalukat,1
igamantala,1
igangan,1
igapaagi,1
igapadala,5
igapahampak,1
igapahayag,1
igapaibabaw,1
igapainum,1
igapalaglag,1
igapalibud,1
igapamulong,2
igapanganak,2
igapanugyan,1
igasablig,1
igasalibay,2
igasalikway,1
igasugba,1
igasugid,1
igasugo,1
igasuka,1
igasulat,7
igasulob,2
igasulod,1
igasulti,3
igat,1
igatabon,2
igatabyog,2
igatipon,2
igatisok,1
igatuboy,1
igatudlo,5
igatugyan,4
igatuslob,1
igauban,1
igauli,4
igawas,2
igayabo,3
igbabaw,3
igdidihog,3
igdulongog,2
igdulungog,3
iggagapos,1
ighuhunghung,1
igna,3
ignon,2
igong,1
igpakita,1
igpapahulay,16
igpapatubo,2
igpupugas,2
igsapayan,2
igsoon,216
igsoong,6
igsoun,2
igsuon,21
igsuong,3
igsusugnod,1
igtatambag,1
igtatambal,2
igtatanaw,1
iguson,1
ihalad,3
ihalas,20
ihalay,1
ihampak,1
ihap,32
ihatag,41
ihatod,4
ihatud,2
ihaw,1
iheabarim,2
ihemplo,1
ihibalag,2
ihigot,2
ihiklin,1
ihingi,1
ihugpong,1
ihulagway,1
ihulog,3
ihunong,2
iiingon,1
iingon,22
iinyoha,1
iistorya,4
iistroya,1
ikabaligya,1
ikabanlud,1
ikabutang,1
ikabutangbutang,2
ikadaghan,1
ikadisisayes,1
ikaduha,28
ikaduhang,20
ikadyesinwebe,1
ikahatag,2
ikailanan,1
ikakaliman,3
ikakaluhaan,1
ikakapatan,1
ikakawhaan,1
ikalima,14
ikalimang,3
ikalisud,1
ikamaayo,1
ikamatay,7
ikanapulo,19
ikang,2
ikapahamutang,1
ikapainum,1
ikapanghambog,1
ikapapatay,2
ikapila,2
ikapilang,2
ikapito,45
ikapitong,1
ikapulo,27
ikasa,2
ikasagatos,1
ikasaway,9
ikasingko,1
ikasiyam,5
ikasubo,1
ikasugilon,1
ikasugyot,2
ikasulti,1
ikatlo,1
ikatolo,24
ikatugyan,1
ikatulo,13
ikatulong,6
ikaulaw,2
ikauli,1
ikaunom,12
ikaupat,18
ikaw,383
ikawalo,14
ikog,21
ikonek,1
ikot,1
ikuha,1
ikyas,1
ilabay,5
ilabi,2
ilabina,1
iladlad,2
ilado,9
ilaga,13
ilagablab,2
ilahang,31
ilai,1
ilakip,1
ilalim,1
ilalom,18
ilalum,22
ilangilang,1
ilangyaw,2
ilansang,3
ilaron,4
ilawom,13
ilhanan,9
ilihawon,1
ilimnon,23
ilimnong,1
ilimnun,1
ilis,13
ilisan,3
ilisi,2
ilokanosi,1
ilong,14
iloon,1
iltog,1
ilubong,2
ilusyon,3
iluwas,1
imabaw,3
imadyin,1
imahe,2
imahen,1
imahenasyon,1
imahinaryong,1
imantala,1
imbensyon,1
imbes,3
imbestiga,1
imbestigahan,1
imbestigahon,2
imbestigasyon,8
imbis,4
imbistigahan,1
imbistigasyon,1
imbitado,2
imbitahon,1
imbitar,2
imbitaron,2
imbitasyon,2
imburnal,1
imedya,1
imee,1
imitaran,1
imna,2
imnon,2
imog,1
imoha,31
imohang,24
imong,1489
imonggo,1
impake,1
impeksyon,5
imperno,2
imperyal,2
impluwensya,2
impluwensyal,1
impormasyon,7
importansya,9
importanteng,1
imposiblen,1
imprastraktura,1
imprastruktura,1
impyerno,1
imuha,14
imuhang,52
imung,4
inaayawan,1
inagaw,9
inahan,90
inalagad,10
inanay,1
inang,3
inangkat,1
inani,1
inarawan,1
inasinan,1
inatoato,1
inatubangay,1
inay,2
inayaman,2
inayawan,3
inbetasyon,1
incensario,8
incienso,7
indang,1
inday,7
indibidwal,9
indigon,1
indihena,1
indika,1
indiyana,1
indiyo,1
indopacific,4
indopasipiko,5
indowestern,1
industriya,3
industriyalisasyon,1
inengles,3
infrastraktura,1
ingana,4
inganang,1
ingani,2
ingato,2
inggitero,1
inglatera,8
ingna,30
ingnan,1
ingni,1
ingnon,6
ingon,373
ingun,5
inhenyero,2
inhinyero,1
inhustisya,2
iniaoan,1
inig,35
inigabut,1
inigagi,1
inigkabanhaw,1
inigkamatay,2
inigkatapus,1
inigsaka,1
inigtabok,2
inila,1
inilang,1
inimport,1
iningles,16
ininglis,1
inintsik,4
inistoryahan,1
inistoryahang,2
inisyal,1
inita,1
innergerman,1
inomon,1
inosente,2
insek,2
insekto,4
insidente,11
insik,1
inspirasyon,2
institusyon,4
instruksiyon,2
instruksyon,3
instruktura,1
insulto,1
insultoha,1
intawon,11
interaksyon,2
interbyu,2
intereasado,1
interesadi,1
interpretasyon,2
intersado,2
interyor,1
intsik,3
inubanan,4
inuli,1
inuma,4
inumon,5
inunahan,3
inunahang,1
inunhang,1
inusa,5
inusara,15
inusarang,2
inyoha,1
inyohang,2
inyuha,1
inyuhang,4
ipaambit,1
ipaaway,1
ipaayos,1
ipabuhat,1
ipabulag,1
ipacremate,1
ipadala,15
ipadawat,1
ipadayon,5
ipadayun,2
ipaduol,1
ipaganoy,1
ipagawas,2
ipagula,3
ipahalayo,1
ipahampak,1
ipahamtang,1
ipahamutang,1
ipahatag,1
ipahayag,1
ipahibalo,2
ipahilayo,4
ipahimutang,1
ipaholug,2
ipahulam,1
ipaila,1
ipailaila,1
ipailalom,1
ipaingon,3
ipakanaug,1
ipakaon,2
ipakaun,2
ipakaylap,1
ipakita,13
ipakitaa,1
ipamatuod,1
ipamulong,11
ipangalan,1
ipanghatag,1
ipangitlog,1
ipangomusta,4
ipangutana,3
ipanigingon,1
ipanimalos,1
ipapanunod,2
ipapatay,1
ipapriso,2
ipapukan,1
ipaputlan,1
ipaputos,2
iparehistro,1
ipasabot,8
ipasabut,5
ipasar,1
ipasiga,1
ipasikad,1
ipasirado,1
ipasugat,1
ipasundayag,2
ipatago,1
ipatigum,1
ipatuman,1
ipaubos,2
ipaugma,1
iphon,1
ipiyong,2
ipokresiya,1
ipon,13
ipreserba,1
ipugong,1
irding,4
ireklamo,1
irekomend,1
irekomenda,1
ireport,1
iring,65
irkon,4
iroa,2
irog,1
irong,1
irongihalas,1
iroo,1
iroy,2
irpeel,1
irua,2
isaba,1
isablig,1
isabwag,1
isacchar,4
isagol,2
isaisa,1
isakay,1
isalibay,1
isalikway,4
isalin,1
isandig,1
isangat,1
isarado,1
isarog,2
isayaw,1
isaysay,1
isboseth,2
iscariote,1
ischod,1
isdaa,1
isdaan,1
isguon,1
ishigakiensis,2
isigka,1
isigkatawo,28
isingit,1
isipa,1
isipon,5
isippotensyal,1
isirado,1
iski,1
iskina,1
iskolar,5
iskultura,2
iskwad,1
islide,1
ismaelnon,1
isnow,2
isog,10
isoga,1
isopora,2
ispagetti,1
ispagheti,4
ispekulador,1
ispeling,1
ispesimen,4
ispesimento,1
isphan,1
israelhanon,2
istak,1
istakmarket,1
istasyon,6
istatistika,1
isteyts,1
istorbo,1
istorbohon,1
istorya,75
istoryador,3
istoryaha,1
istoryahan,5
istoryahi,1
istoryahon,5
istoryang,4
istratilya,1
istrikto,1
istroberi,4
istruktura,4
istudyanti,1
isturyahan,1
isudan,1
isugilon,4
isugo,4
isuhol,1
isulat,8
isulatnga,1
isulob,1
isulod,3
isulon,1
isulong,1
isulte,1
isulti,66
isumbong,1
isurus,1
isuwat,2
isyu,10
itaas,18
itabon,1
itabyog,1
itagal,1
itago,4
italya,5
italyano,7
itama,1
itandi,4
itanumay,1
itarong,2
ithrehanon,1
ithrihanon,2
itik,1
itlog,54
itnan,1
ito,2
itom,18
itomon,1
itoy,4
itrinhon,2
itsura,3
ittai,1
ituay,2
itudlo,3
itugan,2
itugo,1
itugot,7
itugyan,5
itukod,1
itum,9
itungina,1
itunol,1
iuli,7
iunsa,2
iupod,1
iwit,2
iyaan,9
iyabyab,1
iyag,1
iyagyag,1
iyaha,69
iyahang,82
iyahanh,2
iyahat,2
iyan,6
iyanbg,1
iyang,1960
iyawit,1
iyng,1
iyon,2
iyuhang,2
iyukbo,1
jaasai,1
jabesgalaad,1
jaboc,1
jacim,1
jacobed,1
jahat,1
=======
giswerte,1
gitabang,1
gitabangan,4
gitagad,1
gitagalan,1
gitagana,4
gitago,4
gitaho,3
gitakda,1
gitalikalaan,1
gitambog,4
gitanaw,1
gitanggal,1
gitanom,1
gitanyag,1
gitara,2
gitason,6
gitawag,9
gitawagan,1
gitigum,4
gitimbaya,1
gitinguha,1
gitintal,1
gitipigan,1
gitokahan,1
gitubag,1
gitudlo,2
gitudloag,1
gituganan,1
gitugob,1
gitugotan,3
gitugtan,1
gitugyan,1
gitukod,3
gituman,1
gitunga,1
gitungtong,3
gitunob,1
gituohan,4
gituohang,2
gituyo,3
gituyod,1
giubanan,1
giugdaw,1
giuhaw,2
giuli,1
giuloulohan,1
giunsa,15
giuyog,1
giuyon,1
giwala,1
giwali,1
giyawaan,2
giyawit,1
giyera,2
giyud,1
gobyerno,4
gobyernosapagkadestiyero,1
goliat,1
golpkors,1
grabeng,1
gracilirostris,2
gracilirotris,1
grahe,1
grasya,3
gregong,1
gresyanhon,1
griffini,1
griyego,2
gubat,7
gubon,1
gubot,2
gubuta,1
gudngari,1
guinikanan,3
gukod,1
gulaman,1
gulay,3
gulayan,1
gulpo,2
gumamela,4
gumikan,1
gumula,1
gunforhire,1
guniti,2
guryongpo,1
gusok,1
gutom,9
gwapa,2
gyod,3
gyong,1
gyud,52
h,1
habagatan,4
habagatang,5
habila,1
habitasyon,1
habol,4
habolhabol,12
hadlok,3
haduol,8
hagdan,1
hagdanan,2
hagdawan,1
hagiton,1
haguros,1
haing,1
hakog,1
halad,13
haladngabinayaw,2
haladngailimnon,1
haladngakalanon,6
haladngasinunog,8
haladngatinabyog,2
haladsapakigdait,6
haladsapasalamat,1
haladtungodsapaglapas,1
haladtungodsasala,15
halalum,2
halangdon,1
halapad,1
halaran,13
halayo,2
halhul,1
haligi,3
haligisapultahan,1
halimbawa,1
halohalo,2
halokan,1
haluhalo,1
hambog,2
hambugero,1
hamiguitan,2
hamog,1
hamotehanon,1
hampak,3
hampakaron,1
hampakon,2
hamtong,4
hamubo,1
hanas,1
hanay,1
handumanan,2
handurawan,3
handurawat,1
hangda,1
hangtod,27
hangtodhangtod,1
hangtodmga,1
hangtud,36
hangyo,3
hanoh,1
hantod,2
hapit,15
hapon,23
hapsay,1
hardinero,1
hasarenan,1
hasarsual,1
hasmona,2
hasor,1
hataas,3
hatag,2
hatagan,3
hatagas,1
hatagi,3
hatagig,2
havila,1
hawan,3
hawanan,1
hawkeagle,1
hawod,9
hawud,1
hayag,2
haykap,1
hayop,333
hayup,7
hebreohanon,2
heliofungia,2
henerasyon,2
henero,8
heograpiya,1
hepe,1
hepher,1
heran,1
hesbon,2
hetehanon,3
hibaloan,2
hibangkaagan,1
higala,10
higante,1
higanteng,2
higayon,15
higda,1
higdaan,1
higdaanan,5
higot,1
higugmaon,5
hiilhi,1
hikaplagan,2
hikaplagi,2
hikapon,2
hiktin,1
hilabihan,7
hilabihang,1
hilabti,1
hilak,3
hilaw,2
hilig,1
hilihod,1
hilisgutan,1
hilom,4
himabayi,1
himaya,2
himo,2
himoa,4
himoon,3
himoong,1
himuon,5
himuong,1
hinabang,1
hinagiban,5
hinanali,2
hinapon,2
hinaut,5
hinay,5
hinayhay,2
hinayhinay,2
hingarangan,1
hingdunggan,4
hingiki,1
hingkalimtan,1
hingkaplagan,2
hingpit,4
hingsalipdan,1
hingsudlan,1
hingtundan,1
hinilak,1
hinimo,1
hinloi,1
hinonoa,3
hinoon,7
hinooy,1
hinuat,1
hinuboan,2
hinumduman,1
hinumdumi,2
hinungdan,30
hinungdanon,8
hinunoa,1
hinuon,2
hiphip,2
hitabo,2
hitsara,1
hiumaginit,1
hobab,1
hopiang,1
horehanon,1
horma,1
hubag,2
huboa,1
hubog,2
huboon,1
hudno,1
hugas,1
hugasan,1
hugason,1
hugaw,2
hugot,3
hukmanan,2
hukom,2
hulagway,2
hulat,1
hulga,5
hulyo,2
humay,1
humot,3
hunahuna,22
hunahunaa,1
hunahunaon,2
hungit,1
hungitan,1
hungog,2
hunungan,1
hunungdan,1
hunyango,1
hunyo,3
huorthurot,1
hupiter,1
hurno,1
husay,2
hustisya,4
husto,4
hustong,1
hutdon,1
huwamon,1
huwebes,1
hyelo,1
iapil,1
ibabaw,68
ibalhog,1
ibaligya,6
ibalik,5
ibaliwala,1
ibanlud,1
ibantay,1
ibon,1
ibutang,2
ibzan,1
idad,1
ideya,7
idugang,1
idumeahanon,1
iemail,1
igaanak,1
igabayad,1
igabilin,1
igabutang,5
igadugtong,1
igahalad,6
igahatag,1
igaingon,1
igapadala,1
igapahampak,1
igapalibud,1
igasalikway,1
igasugo,1
igasulat,2
igasulob,1
igasulod,1
igatudlo,1
igatuslob,1
igbabaw,1
igdulungog,1
igpakita,1
igpapahulay,4
igsapayan,1
igsoon,55
igsoong,1
igsuon,6
igsuong,1
igsusugnod,1
igtatambag,2
ihalas,27
ihalay,1
ihalo,1
ihap,8
ihatag,7
ihatod,1
ihatud,1
ihawan,1
ihawon,1
iheabarim,1
ihemplo,1
ihilihod,1
ihugpong,1
ihunong,1
iingon,5
iinyoha,1
iistorya,2
ikabutang,1
ikabutangbutang,1
ikadaghan,1
ikadisisayes,1
ikaduha,12
ikaduhang,4
ikagasto,1
ikahatag,1
ikalima,4
ikalimang,2
ikalisud,1
ikamatay,3
ikanapulo,2
ikang,2
ikapanghambog,1
ikapapatay,1
ikapila,1
ikapito,5
ikapulo,6
ikasa,2
ikasaway,1
ikasiyam,1
ikasugilon,1
ikasugyot,1
ikatolo,6
ikatulo,2
ikatulong,1
ikaulaw,1
ikauli,1
ikaupat,4
ikawalo,2
ikog,10
ikyas,1
ilabay,2
ilado,3
ilaga,11
ilahang,7
ilakip,2
ilalom,4
ilalum,11
ilaron,1
ilawom,3
ilhanan,3
ilimnon,8
ilis,5
ilisi,1
ilong,3
imabaw,1
imahe,1
imahenasyon,1
imahinaryong,1
imbes,1
imbestiga,1
imbis,1
imbitar,1
imbitaron,1
imburnal,1
imitaran,1
imnon,1
imoha,2
imohang,8
imong,299
impeksyon,2
imperyal,2
impormasyon,1
importansya,1
importanteng,1
imuha,5
imuhang,6
imung,1
inaayawan,1
inagaw,2
inahan,15
inalagad,1
inatay,10
inay,1
inayaman,2
inayawan,1
inbetasyon,1
incensario,3
incienso,2
inday,2
indibidwal,2
indopacific,1
indopasipiko,1
industriyalisasyon,1
inengles,1
infrastraktura,1
inglatera,2
ingna,8
ingni,1
ingnon,2
ingon,122
ingong,1
inhustisya,2
inig,4
inigagi,1
inigpamakak,1
inigtabok,2
inimport,1
iningles,4
inintsik,1
inistoryahang,1
inisyatibo,1
innergerman,1
inosente,1
insekto,2
insidente,1
inspeaction,1
inspirasyon,1
institusyon,1
intawn,1
intawon,4
interbyu,1
intersado,1
inuli,1
inumon,1
inusa,3
inusara,3
inusarang,1
inyoha,1
inyuha,1
inyuhang,1
ipadahum,1
ipadala,3
ipadawat,1
ipadayon,1
ipadayun,1
ipaduol,1
ipahampak,1
ipahilayo,2
ipahimutang,1
ipailaila,1
ipaingon,1
ipakalat,1
ipakaon,1
ipakita,3
ipamatuod,1
ipamulong,4
ipanghatag,2
ipangitlog,1
ipapriso,1
iparehistro,1
ipasabot,2
ipasabut,1
ipasikad,1
ipasugat,1
ipatago,1
ipiyong,1
ipokresiya,1
ipon,1
ipreserba,1
irding,2
irekomenda,1
iring,14
irkon,1
irog,1
isagol,1
isandig,1
isboseth,1
iscariote,1
isigka,1
isigkatawo,6
isipa,1
iski,1
iskina,1
iskolar,3
iskultura,1
islang,1
islide,1
isog,4
ispagheti,1
ispesimen,1
ispesimento,1
istakmarket,1
istasyon,2
istorya,19
istoryador,1
istoryahan,2
istoryahon,1
istrikto,2
istruktura,1
istudyanti,1
isugo,1
isuhol,1
isulat,3
isulob,1
isulod,1
isulong,1
isulti,14
isuwat,1
isyu,2
itaas,4
itago,1
italya,2
italyano,2
itandi,1
ithrihanon,2
itik,1
itisok,1
itlog,20
itnan,1
itom,2
itomon,1
itoy,1
ituay,1
itugot,3
itugyan,1
itukod,1
itum,2
iuli,1
iwit,1
iyaan,3
iyaha,15
iyahang,12
iyahanh,1
iyahat,2
iyon,1
iyot,1
iyuhang,1
jackielyn,1
>>>>>>> 9dfe370b30e15142589708a5424f55a0604acdbd
jahath,2
jahzeel,1
jaijai,1
janum,1
<<<<<<< HEAD
japhaia,1
japia,1
jasaan,1
jasael,1
jaseel,2
jaser,1
jasis,1
jasobam,1
jazer,3
jebusehanon,2
jedaias,3
jediael,1
jedias,1
jegarsahadutha,1
jehonathan,1
jehovajereh,1
jehud,1
jeiel,1
jemuel,2
jennylyn,1
jephone,1
jephte,2
jerameel,1
jeremoth,2
jerobaal,3
jesaus,1
jese,1
jesreel,1
jesua,2
jesucristo,8
jether,1
jetjet,1
jeus,1
jevelyn,1
jevilyn,6
jezer,2
jhenna,2
jhonjohon,1
jiphta,1
joachaz,2
joas,8
jobab,3
jocabed,1
jocdeam,1
joctan,1
jocteel,1
jogbaa,1
joiada,8
joiarib,2
joksan,1
jongjong,1
josachar,1
josebbasebeth,1
jotbatha,3
joyada,1
judio,17
judiyonggresyanhon,1
jumoad,1
juvenie,1
juy,1
k,1
ka,4578
kaaayo,1
kaabutan,1
kaadlaw,4
kaadlawan,1
kaadlawon,8
kaadto,2
kaagangan,3
kaagi,2
kaagpas,2
kaalam,25
kaalaut,2
kaalyado,3
kaang,2
kaanib,1
kaanindot,1
kaanyag,4
kaarang,1
kaari,1
=======
japun,1
jaser,1
jebusehanon,1
jedaias,1
jerameel,1
jeremoth,1
jesaus,1
jesucristo,5
jetjet,1
jevilyn,1
joachaz,1
joas,2
joiarib,1
joksan,1
joyada,2
judio,4
junglefowl,1
juvenie,1
kaadlawon,4
kaagangan,1
kaalam,10
kaalaut,2
kaalyado,1
kaanib,1
kaarang,1
>>>>>>> 9dfe370b30e15142589708a5424f55a0604acdbd
kaauban,1
kaawaawan,1
<<<<<<< HEAD
kaaway,38
kaayang,1
kaayo,282
kaayog,1
kaayohan,7
kaayong,13
kaayu,1
kababaihan,1
kababayan,1
kababayenan,1
kabag,1
kabaga,2
kabago,3
kabahin,3
kabaho,1
kabalaka,7
kabalakhan,1
kabalangayan,1
kabalaoran,21
kabalayan,5
kabalibad,1
kabalik,2
kabalo,232
kabalong,4
kabanayan,7
kabang,5
kabangag,1
kabangis,1
kabankalan,2
kabanlakan,1
kabantay,1
kabantug,2
kabasa,2
kabaskog,2
kabaskug,2
kabastusan,3
kabata,2
kabataan,9
kabatanon,4
kabatok,1
kabaw,13
kabayanihan,1
kabayanihon,1
kabayo,31
kabhang,2
kabilin,6
kabina,1
kabisado,4
kabisayan,1
kabisera,3
kabisi,1
kabit,1
kaboang,1
kabos,3
kabtangan,5
kabuang,12
kabuangan,6
kabubuton,6
kabugangan,2
kabugason,1
kabugat,3
kabugaton,1
kabugatong,1
kabugnaw,1
kabukiran,10
kabulak,1
kabulaw,1
kabumturan,1
kabungturan,2
kabuntagon,19
kabuok,5
kabuotan,2
kabus,23
kabusog,2
kabutangan,1
kabutuhon,1
kadaadlaw,2
kadabakasyon,1
kadagahan,2
kadagatan,10
kadagatang,3
kadagaya,5
kadaghan,19
kadaghanan,41
kadaghanang,3
kadaghang,3
kadaghanon,1
kadaghanong,1
kadagkuan,3
kadahang,1
kadaiyahan,1
kadako,7
kadakon,4
kadaku,1
kadalaga,1
kadalagahan,1
kadalanan,7
kadalasan,1
kadali,16
kadanag,1
kadangag,1
kadanghag,1
kadaogan,2
kadaot,7
kadasig,2
kadato,3
kadaugan,4
kadaut,5
kadautan,11
kadelikado,2
kadesisyon,1
kadimalas,1
kadiyot,11
kadiyotkadali,1
kadlawng,1
kadlawon,1
kadto,61
kadtong,125
kadugangan,1
kadugay,12
kadugaya,2
kadugayan,3
kadugayaon,1
kadugayg,2
kadugayon,4
kaduha,2
kadula,1
kadungganan,6
kadungog,1
kadyapa,1
kadyot,1
kaestorya,1
kafala,1
kagabhion,11
kagabi,1
kagabii,12
kagahapon,32
kagahi,5
kagahub,1
kagahum,4
kagamay,1
kagamhanan,1
kagang,2
kaganihang,1
kaganinang,2
kagatos,1
kagaw,1
kagawad,1
kagawaran,1
kagawasan,5
kagawian,1
kagikanan,1
kagtungang,1
kaguba,3
kagubatan,3
kagubot,7
kagubtanan,1
kagulanan,5
kagulangon,5
kagunoban,1
kaguol,9
kagutom,2
kahabog,1
kahabogon,7
kahabugon,1
kahadlok,24
kahadlokan,4
kahadloki,3
kahago,1
kahalangdon,1
kahalayo,1
kahambungan,1
kahamuot,1
kahamutan,1
kahanas,3
kahang,2
kahanginan,2
kahangturan,4
kahanturan,1
kahapdos,1
kahapon,1
kahaponan,1
kahaponon,14
kahapsay,2
kaharian,1
kahatsingon,1
kahawaon,1
kahayag,23
kahayagmahimong,1
kahayopan,4
kahayupan,74
kahel,2
kahelon,1
kahibalo,73
kahibaw,18
kahibolung,2
kahibulongan,3
kahigayonan,4
kahigayonon,1
kahikayan,1
kahiladman,6
kahilakon,4
kahilayan,2
kahilom,5
kahilomon,1
kahilum,1
kahilwasan,1
kahimayaan,1
kahimo,4
kahimsog,9
kahimtang,23
kahimuot,1
kahimutan,4
kahinam,1
kahingatag,1
kahingawa,1
kahingpitan,1
kahinumdom,4
kahinumdum,1
kahinumduman,5
kahinungdan,1
kahiomtang,1
kahitasan,4
kaholugan,2
kahon,23
kahona,1
kahoy,71
kahubo,1
kahubog,1
kahugaw,1
kahugawan,2
kahulogan,8
kahuman,1
kahumanan,1
kahumok,1
kahumot,5
kahunos,2
kahupayan,1
kahusay,2
kaibgan,1
kaigmat,1
kaigsoonan,9
kaihion,1
kailisan,1
kailog,1
kaimportante,1
kaingin,2
kaingon,1
kainit,7
kainta,1
kaislahan,2
kaisog,1
kaistorya,8
kaistroya,1
kajma,1
kakaapas,1
kakabus,1
kakahoyan,8
kakahuyan,1
kakanan,1
kakanin,2
kakapoy,3
kakaraan,1
kakarong,5
kakaslon,1
kakatawanan,1
kakaya,1
kakayupan,1
kakinsa,1
kakita,2
kakitag,1
kaklase,2
kakubus,1
kakugi,1
kakuhaan,1
kakulang,5
kakulangan,1
kakulba,2
kakuli,1
kakulian,1
kakurat,1
kakusgan,1
kakusogon,1
kakuyaw,2
kalaban,4
kalabera,1
kalabot,2
kalabotan,6
kalabutan,12
kaladis,1
kalag,44
kalaga,4
kalagbas,2
kalaglag,1
kalaglagan,1
kalagot,7
kalagyo,1
kalaha,3
kalahi,1
kalahian,11
kalainan,9
kalalim,1
kalamano,1
kalamansi,2
kalamansiang,1
kalamay,12
kalambigitan,1
kalamboan,1
kalamidad,4
kalampusan,10
kalanggaman,3
kalangitan,17
kalanon,21
kalapasan,14
kalapati,8
kalapdon,1
kalapti,3
kalasangan,25
kalawang,1
kalawasan,2
kalawom,1
kalayo,75
kalayua,1
kalderatang,1
kalderetang,2
kaldero,13
kalesa,1
kaleyt,1
kalibog,2
kalibonan,1
kalibotan,9
kalibre,1
kalibutan,92
kalibutana,2
kalibutanon,1
kalibutanong,1
kalidad,6
kalidoskopyo,1
kaligdong,1
kaligdung,2
kaligon,5
kaligrapiya,10
kaligutgut,20
kalihim,3
kalihokan,10
kalihukan,2
kalikasan,2
kalikopan,4
kalikupan,2
kaliman,27
kalimot,2
kalimtan,2
kalimte,2
kalimti,11
kalinaw,18
kalingawan,14
kalingkuran,1
kalintura,1
kalipay,33
kalipayan,2
kalipayon,1
kalisang,10
kalisangi,1
kalisdanan,8
kaliskis,1
kalisod,2
kalisud,6
kalit,22
kalitkalit,1
kalitok,2
kaliwat,8
kaliwatan,55
kaliwatana,3
kalolot,2
kalomo,3
kalooblooban,1
kalookan,1
kalooklookan,1
kalooy,7
kalota,1
kaloyan,1
kaloyi,2
kalsada,9
kalse,1
kalseng,1
kalugas,1
kaluhaan,26
kalungsoran,21
kaluoy,4
kalusugan,1
kaluwasan,10
kamaayo,1
kamagulangan,5
kamahal,2
kamalian,1
kamalig,2
kamalumo,1
kamananapan,2
kamanchili,1
kamandang,1
kamanghuran,10
kamanghurang,1
kamao,3
kamatarung,1
kamatay,29
kamatayan,9
kamatayon,209
kamatikod,1
kamatis,7
kamatouran,2
kamatsile,3
kamatsili,4
kamatuoran,24
kamatuorang,1
kamatuoraniingon,1
kamayon,1
kambal,6
kambing,2
kambyo,2
kambyokambyoe,1
kambyuon,1
kamingaw,1
kamingawan,48
kaminyoon,1
kamiy,2
kamog,5
kamong,13
kamot,209
kamote,2
kamoy,2
kampana,4
kampanya,1
kampilang,1
kamtsili,1
kamugawas,1
kamugot,1
kamusta,2
kamyas,1
kan,3
kanaanan,1
kanall,1
kanamo,60
kanamong,2
kananan,8
kanang,29
kanasuran,2
kanato,56
kanaug,1
kanaway,2
kanawong,2
kandado,1
kandadohan,1
kandaduhi,1
kandelabra,1
kandidato,2
kandila,6
kanding,65
kanela,5
kang,1425
kangitngit,11
kangitngitan,5
kanhi,8
kanhing,10
kaniadto,34
kaniadtong,170
kanibalismo,1
kanihit,1
kanilag,1
kanilay,1
kanimo,329
kanindot,4
kaning,10
kaninng,1
kaninyo,214
kaninyog,2
kaninyong,7
kaninyoy,3
kanita,1
kaniwang,1
kaniya,615
kaniyag,3
kanlaon,8
kanluran,1
kanlurang,1
kannaway,1
kansang,2
kanselahon,2
kanser,3
kantaha,5
kantidad,7
kantot,1
kantyaw,1
kanua,1
kanuman,15
kanumay,1
kanunay,106
kanunaya,1
kanunayon,2
kanus,7
kanusa,93
kanusaka,1
kanyakanya,1
kaona,3
kaong,1
kaonon,10
kapahayag,1
kapahulayan,3
kapait,2
kapaitan,4
kapakyas,1
kapakyasan,14
kapalaran,2
kapanahonan,5
kapanahunan,1
kapangakohan,1
kapangpangan,1
kapanguhaan,3
kaparehas,5
kapareho,2
kapariha,1
kaparotan,1
kaparrasan,4
kapasar,2
kapasayloan,1
kapasidad,16
kapaskuhan,1
kapaspas,2
kapaspasa,1
kapatag,2
kapatagan,44
kapatan,33
kapatawaran,1
kapay,8
kapayas,1
kapayason,2
kapehan,2
kapehanan,3
kapehon,2
kapeterya,4
kapetirya,2
kapidan,1
kapihan,27
kapihanan,1
kapikas,2
kapilian,4
kapin,21
kapintas,1
kapintasan,1
kapistahan,1
kapitoan,12
kapitulo,2
kapobre,1
kaporsyento,1
kapoy,5
kapoyon,1
kapugngan,1
kapugngang,2
kapugong,2
kapuli,1
kapulisan,3
kapuloan,2
kapulongan,2
kapulongnan,1
kapuluan,1
kapulungan,2
kapungot,10
kapunongan,1
kapupudan,3
kapuslanan,6
kapuso,1
kaputli,1
kapuyon,2
kapyutan,1
karaan,8
karaang,5
karahay,1
karakarakang,1
karaokehan,1
karapatan,3
kardbord,1
karekare,2
karera,2
karga,1
kargahan,1
karira,1
karmelitos,1
karne,28
karnero,8
karolanos,1
karong,83
karot,1
karpa,2
karsada,1
karsadaha,1
karsones,1
karsursilyo,1
kartero,1
kartona,3
karung,4
karunmao,1
karwahe,3
kasaba,8
kasabay,3
kasabot,37
kasabotan,2
kasabutan,4
kasado,1
kasadpan,10
kasadpang,3
kasag,1
kasagaran,40
kasagarang,11
kasagarankadaghanan,1
kasagbutan,4
kasagran,1
kasakay,1
kasakit,17
kasakitan,3
kasaladpan,2
kasalanan,7
kasaligan,11
kasamok,9
kasamtangan,5
kasamtangang,7
kasangkapan,3
kasapawan,1
kasapi,1
kasapinitan,1
kasarang,1
kasarangan,1
kasarangang,1
kasayon,1
kasayoran,1
kasaypanan,3
kasaysayan,13
kasayuran,11
kasidlakang,1
kasigurohan,1
kasiguruhan,2
kasikbit,2
kasilyas,9
kasimplehan,1
kasina,2
kasinatian,2
kasing,4
kasingdalo,1
kasingkasing,86
kasita,2
kasiyaman,6
kaslon,2
kaslonon,3
kaslononsa,1
kaslunon,1
kasong,3
kasoy,3
kastila,2
kastilaon,1
kastilya,1
kastilyo,103
kastong,1
kastorya,1
kasubaan,2
kasubanan,2
kasubo,5
kasugat,1
kasugoan,36
kasuguan,1
kasuhan,1
kasuholan,1
kasuko,22
kasulat,1
kasulatan,1
kasulti,2
kasundalohan,8
kasunod,2
kataas,14
katabang,10
katabas,1
katagbawan,2
katahom,2
katahum,2
katahuran,4
kataka,1
katakus,1
katalagman,11
katalogo,1
katamad,1
katamis,2
katangaan,1
katapolan,2
kataposan,4
katapulan,1
katapusan,62
katapusang,8
katarungan,5
katason,1
kataw,1
katawa,2
katawanan,9
katawhan,33
katawhang,1
katawo,2
katawohan,196
katedral,1
katibukang,1
katigayonan,3
katigayunan,1
katigulang,3
katigulangan,1
katigulangang,1
katigulangon,8
katiguwang,1
katilingban,69
katimaan,1
katimbang,1
katinawan,5
katingadan,5
katingadhang,1
katingala,2
katingalahan,7
katipunaningon,1
katipunero,1
katipuneros,4
katkat,2
katloan,35
katog,1
katol,1
katolika,1
katoliko,4
katolisismo,2
katolkatol,1
katoohan,2
katorse,1
katou,2
katrapohi,1
katre,6
katsila,2
katubayan,2
katubigan,7
katugbang,1
katugdonan,1
katugnaw,3
katugotan,1
katuig,12
katuigan,4
katukuran,3
katulad,1
katulgon,3
katuliran,2
katulo,1
katulog,3
katulugon,2
katung,1
katunga,18
katungangabanay,1
katungangbanay,2
katungdanan,23
katungod,23
katuohan,4
katuohang,1
katupasan,1
katuyoan,11
kauban,67
kaubanan,7
kaubang,2
kaugaligon,1
kaugaligong,1
kaugalingog,1
kaugalingon,183
kaugalingong,37
kaugmaon,9
kaulahian,2
kaulahiang,1
kaulaw,14
kaulawan,1
kaulian,1
kaulohan,6
kaumahan,12
kauna,1
kaunon,10
kaupas,1
kausaban,1
kauswagan,1
kautlanan,1
kauyon,1
kawadan,1
kawadi,1
kawala,3
kawalay,1
kawaloan,6
kawanangan,8
kawang,1
kawani,5
kawat,4
kawatan,18
kawayan,11
kawhaag,1
kawhaan,1
kawitwitan,2
kawota,1
kayamukat,1
kayang,1
kayatan,1
kaybunga,1
kaygaluto,1
kayko,1
kaylap,5
kaynakataas,1
kaysa,83
kayugot,3
kayutaan,12
kedatuan,1
keddemoth,1
kemika,1
kemikal,2
kemistri,1
kenas,1
kenath,1
kerkhove,1
keso,15
keyk,59
khalifay,2
kianbuhi,1
kiasagaran,1
kiblawan,2
kibro,1
kibrothhataaba,2
kibrothhataava,2
kibrothhataavah,1
kidapawan,1
kidhatan,1
kilala,3
kilalanon,1
kilat,3
kilawin,1
kilay,3
kilid,33
kilimotero,1
kilira,1
kiliran,5
kilometro,7
kilometros,6
kilong,1
kilumkilom,2
kilusang,1
kimika,1
kinaadman,5
kinabuhi,190
kinabuhia,1
kinabuhing,2
kinadakan,1
kinadakang,3
kinadugayan,1
kinahabogang,3
kinahaglan,2
kinaham,3
kinahanaglan,1
kinahangalan,2
kinahangaln,1
kinahangalna,1
kinahangklan,2
kinahanglan,353
kinahanglang,15
kinahanglanon,9
kinahiladman,1
kinahitasan,1
kinahong,1
kinaiya,3
kinaiyahan,7
kinaiyahang,1
kinaiyahannga,1
kinaiyanhon,3
kinakalalaan,1
kinalayogang,2
kinalayuan,1
kinaldereta,1
kinalibang,2
kinamagulangan,1
kinamanghuran,3
kinantahay,1
kinaon,1
kinapulahan,1
kinasal,1
kinasangan,1
kinasangang,1
kinasingkasing,1
kinason,2
kinastila,1
kinasuloran,1
kinasulorang,1
kinataliwadan,12
kinatasan,1
kinatasang,2
kinatawhang,1
kinatawo,2
kinatchila,3
kinatibukan,8
kinatibukang,4
kinatsila,1
kinatumhaan,2
kinatumyan,5
kinatumyang,1
kinatungan,2
kinaubsan,1
kinaugalingon,1
kinauwaihan,2
kinhason,1
kiniang,1
kinilaw,1
kininalangkobansa,1
kining,158
kininh,1
kinisa,1
kiniy,2
kinsa,351
kinsang,19
kinsasingkasing,1
kinsau,2
kinsay,86
kinse,7
kinuha,2
kinuldasan,1
kinumkom,1
kinumot,2
kinyentos,2
kipera,1
kiriatharba,2
kisame,3
kisami,3
kitaanan,1
kitang,10
kitat,1
kitay,2
kitkit,1
kiung,1
klabster,1
klaro,96
klarong,16
klase,99
klasehan,1
klasehana,1
klasehanan,1
klaseklaseng,1
klaseng,9
klasikal,1
klasmet,1
klawn,1
klimley,1
klinikal,1
klinti,2
kliyente,1
klyeng,1
ko,2101
koakong,1
kobrador,1
kodswits,1
koeksistensiya,1
kogsabot,1
kokahadlok,1
kolehiyo,2
koleksyon,3
kolekta,1
kolektor,2
kolesterol,1
kolon,4
kolonista,1
kolonya,14
koloranan,1
kolorites,1
kolorrosas,1
kolr,1
kolum,3
komandante,1
kombiksyon,3
kombira,5
kombustiyon,1
komedor,1
komedya,3
komedyante,1
komentaryo,1
komersyal,2
komersyo,1
komisyon,5
komite,1
komiti,1
komitiba,3
komitido,1
komkom,1
komon,1
komonwelt,1
kompakdisk,1
kompaniya,2
kompanya,3
kompara,1
kompay,2
komperensya,1
komplikado,4
komplikasyon,1
komportable,2
komposisyon,2
kompyansado,1
kompyutadora,1
kompyuter,22
komunidad,9
komunista,2
komusta,1
komuter,1
konde,1
kondili,28
kondisyon,2
kondol,1
koneho,1
koneksyon,3
konggresong,1
kongresista,6
kongreso,2
konklusyon,1
konong,1
konseho,1
konsensya,2
konsepto,2
konserbatibo,1
konsert,2
konstitusyon,2
konstitusyonal,1
konstruksyon,1
konsumo,2
konsyerto,3
kontahay,1
kontaminado,2
kontaminasyon,1
kontento,2
kontractor,1
kontrata,2
kontribusyon,1
kontrobersiya,2
kontrobersya,1
kontrobersyal,4
koog,1
kooperasyon,2
kopa,3
koponan,1
kopya,3
kopyaha,1
korales,4
korals,1
korbata,1
koreano,1
koreo,1
korteng,1
koryano,1
korzo,1
kosina,1
kostumbre,3
kotamaya,1
koton,1
kotonkendi,1
kotse,14
kotubag,1
koypyahon,1
krame,1
krema,5
krimen,11
kriminal,2
krisis,2
krisjuper,1
kristianismo,1
kristiyanidad,1
kristiyano,2
kristiyanong,1
kristohanong,1
kristuhanon,1
kristyano,1
kritikal,3
kritisismo,6
kromosoma,1
krus,5
ksakay,1
ksenopobya,1
kuarta,3
kubano,1
kubeta,1
kubng,1
kudlit,1
kudyapi,1
kugan,1
kugihan,5
kugita,1
kugmo,1
kuha,15
kuhaa,20
kuhaan,2
kuhaon,20
kukhan,1
kuko,3
kulang,7
kulangan,2
kulata,1
kulatug,2
kulay,2
kulon,2
kulturang,1
kulubot,1
kulungan,2
kumagko,3
kumain,1
kumalagiw,2
kumalagko,2
kumawas,1
kumpara,7
kumpirmado,1
kumpirmadong,3
kumpleto,1
kumpyoter,1
kumuha,8
kumunsulta,1
kumusta,11
kun,95
kundili,4
kundol,1
kuneho,8
kung,445
kunot,1
kunoy,1
kuns,1
kupo,2
kupon,1
kupot,2
kuptan,2
kupti,2
kurapsyon,1
kurbata,7
kurbataha,2
kursonada,1
kursunada,1
kursunadahan,1
kurtina,11
kurukunto,2
kuryente,5
kusgan,19
kusganon,7
kusganong,1
kusgi,2
kusina,101
kusinera,1
kusinero,4
kusion,3
kuskosi,2
kuso,1
kusog,49
kuspad,1
kustilsyo,1
kustodiya,2
kusug,3
kusuga,1
kusundalohan,1
kutchilyo,2
kuto,1
kutob,5
kutsara,11
kutsarita,2
kutsilyo,9
kutsina,2
kutsinta,7
kutub,2
kuwaa,1
kuwadrado,3
kuwadrados,1
kuwadro,2
kuwang,1
kuwaon,1
kuwarta,1
kuwartang,1
kuwarto,18
kuwenta,1
kuwintas,1
kuyabog,5
kuyaw,6
kuyog,6
kuyogba,1
kwaan,1
kwaknit,1
kwarenta,3
kwarta,84
kwartaha,3
kwartahan,1
kwartang,5
kwarto,57
kwartoha,5
kwato,1
kwatro,1
kwazulunatal,1
kwelyo,1
kwenta,1
kwento,1
kwenya,1
kwerdas,1
kweti,2
kwis,1
kyut,4
l,2
laad,1
laay,2
lababo,1
labad,1
labahunon,1
labanganan,1
labas,5
labaw,40
labawng,8
labay,2
labhan,2
labhonon,1
labhunonn,1
labihan,3
labing,129
laboratoryo,2
labot,27
labrusca,1
labud,1
labut,43
labutlabot,2
lacaba,2
lachis,5
ladang,2
lagab,3
lagablab,2
lagala,1
lagarat,2
lagas,2
lagay,2
lagda,5
lagdok,1
laglagon,2
lagmit,5
lagom,2
lagot,1
lagpas,3
lagsaw,6
lagyo,1
lahi,41
lahig,1
lahilahi,2
lahing,3
lainlaig,1
lainlain,9
lainlaing,28
laissezfaire,1
lakake,1
lakambini,1
lakang,5
lakat,2
lakaw,14
lakeng,43
lakiha,3
laking,1
lakinon,1
lakip,24
lakra,1
lalake,494
lalaki,104
lalakideterminado,1
lalaking,4
lalang,3
lalawigan,23
lalim,1
lalison,1
lalke,1
lalom,4
=======
kaaway,9
kaayo,81
kaayog,1
kaayohan,4
kaayong,4
kababayan,2
kababayen,1
kabaga,1
kabahin,1
kabalaka,4
kabalaoran,5
kabalo,46
kabalong,2
kabanayan,3
kabankalan,1
kabaskog,2
kabataan,2
kabatok,1
kabaw,5
kabayo,10
kabhang,1
kabilin,3
kabog,1
kabos,2
kabuang,2
kabuangan,5
kabubuton,5
kabugat,2
kabugaton,1
kabugatong,1
kabukiran,2
kabungturan,1
kabuntagon,1
kabuok,1
kabus,8
kadagatan,3
kadaghan,7
kadaghanan,14
kadaghanang,1
kadaghang,2
kadagkuan,1
kadako,6
kadakon,1
kadaku,1
kadalanan,3
kadali,1
kadanghag,1
kadaogan,1
kadaot,3
kadaugan,1
kadaut,3
kadautan,4
kadiyot,2
kadlawon,1
kadto,9
kadtong,44
kadugangan,1
kadugay,4
kadugayan,1
kadugayon,2
kaduha,1
kadungganan,4
kagabhion,3
kagabi,1
kagabii,2
kagahapon,3
kagahum,3
kagamitan,2
kagaw,1
kagawasan,1
kagtungang,1
kagubatan,2
kagubot,2
kagulanan,3
kagulangon,1
kaguol,3
kagutom,1
kahadlok,5
kahadlokan,1
kahadloki,1
kahalayo,1
kahangturan,3
kahaponan,1
kaharian,1
kahawaon,1
kahayag,1
kahayupan,18
kahibalo,28
kahibaloan,1
kahibaw,3
kahibulongan,1
kahiladman,2
kahilomon,1
kahimayaan,1
kahimsog,6
kahimtang,9
kahimutan,1
kahinguhaan,1
kahinumdom,2
kahinungdan,1
kahitasan,2
kaholugan,1
kahon,3
kahoy,23
kahubo,1
kahugawan,1
kahulogan,1
kahumanan,1
kahumok,1
kahumot,1
kahusay,1
kaigsoonan,2
kailog,1
kaimportante,1
kaingin,1
kainit,1
kaistorya,2
kakaapas,1
kakahoyan,2
kakanin,1
kakaya,1
kaklase,1
kakulang,3
kakulba,1
kakuli,1
kakusogon,1
kalabera,2
kalabutan,3
kalag,12
kalaga,1
kalagbas,1
kalaglagan,1
kalagot,2
kalahian,1
kalainan,3
kalalim,1
kalamansi,1
kalamansiang,1
kalamay,2
kalamboan,1
kalampusan,1
kalangay,1
kalanggaman,1
kalangitan,5
kalanon,3
kalapasan,4
kalapati,4
kalapti,1
kalasangan,11
kalayo,14
kalayong,1
kalayua,1
kaldero,1
kalibog,2
kalibonan,1
kalibotan,2
kalibutan,24
kaligon,2
kaligrapiya,3
kaligutgut,4
kalihokan,4
kalihukan,2
kalikopan,2
kaliman,4
kalimot,1
kalimtan,1
kalimti,3
kalinaw,1
kalingawan,2
kalipay,10
kalisang,3
kalisangi,1
kalisdanan,1
kalisod,1
kalisud,3
kalit,5
kaliwat,1
kaliwatan,16
kaliwatana,2
kalooy,2
kalota,1
kaloyi,1
kalsada,3
kalseng,1
kaluhaan,5
kalungsoran,7
kaluoy,1
kaluwasan,3
kamagulangan,1
kamalig,1
kamananapan,1
kamandang,1
kamanghuran,1
kamao,1
kamatay,3
kamatayan,1
kamatayon,40
kamatikod,1
kamatis,2
kamatsili,2
kamatuoran,9
kamayunon,1
kambal,2
kambyo,1
kambyuon,1
kamig,1
kamingawan,13
kamog,2
kamong,6
kamot,48
kamoy,1
kampana,1
kanaanan,1
kanall,2
kanamo,13
kananan,4
kanang,6
kanasuran,2
kanato,8
kanding,15
kang,273
kangitngit,3
kanhi,2
kanhing,1
kaniadto,6
kaniadtong,63
kanimo,70
kanindot,1
kaning,1
kaninng,1
kaninyo,42
kaninyong,2
kanita,1
kaniya,146
kaniyag,2
kanlaon,1
kanluran,1
kansang,1
kanselahon,2
kanser,1
kantidad,3
kanuman,5
kanunay,19
kanus,1
kanusa,21
kanusaka,1
kaonon,2
kapahulayan,3
kapait,1
kapaitan,1
kapakyasan,2
kapalaran,1
kapanahonan,1
kaparehas,2
kapariha,1
kaparotan,1
kapaskuhan,1
kapatag,1
kapatagan,10
kapatan,4
kapay,5
kapehan,1
kapehon,1
kapeterya,1
kapihan,5
kapildihon,1
kapilian,3
kapin,2
kapitoan,2
kapitulo,1
kapoy,1
kapoya,1
kapuli,1
kapulisan,2
kapulongnan,1
kapungot,3
kapupudan,1
kapuslanan,1
karaan,1
karaang,3
karahay,1
karera,1
karga,1
karmelitos,1
karne,8
karnero,6
karong,20
kasaba,3
kasabot,9
kasabotan,1
kasabutan,2
kasadpan,3
kasadpang,1
kasag,1
kasagaran,10
kasagarang,8
kasagbutan,2
kasakay,1
kasakit,3
kasakitan,1
kasalanan,6
kasalig,1
kasaligan,2
kasamok,1
kasamtangang,2
kasangkapan,2
kasapinitan,1
kasarang,1
kasaypanan,1
kasaysayan,3
kasayuran,4
kasidlakang,1
kasiguroan,1
kasiguruhan,1
kasilyas,3
kasina,2
kasinatian,1
kasingdalo,1
kasingkasing,27
kasiyaman,1
kastanyas,1
kastila,1
kastilyo,18
kasubaan,1
kasubanan,2
kasubo,1
kasugoan,9
kasuguan,1
kasuhan,1
kasuko,4
kasulti,1
kasundalohan,4
kataas,3
katabang,1
katahom,1
katahum,1
katalagman,5
katamis,1
katapolan,1
kataposan,2
katapusan,16
katarungan,2
katawanan,2
katawhan,10
katawo,1
katawohan,42
katedral,1
katigayunan,1
katigulangang,1
katigulangon,1
katilingban,19
katingadan,4
katingadhang,1
katingala,2
katipuneros,1
katkat,1
katloan,8
katoohan,1
katou,2
katsila,1
katubigan,2
katugbang,1
katugnaw,1
katuig,4
katuigan,1
katukuran,1
katulad,1
katulin,1
katulog,2
katulugon,1
katunga,3
katungangbanay,1
katungdanan,1
katungod,12
katuohan,1
katuohang,1
katuyoan,3
kauban,22
kaubanan,4
kaugalingon,37
kaugalingong,12
kaugdahan,1
kaugmaon,1
kaugmaong,1
kaulahiang,1
kaulaw,8
kaulohan,1
kaumahan,3
kaunon,2
kawala,3
kawalay,1
kawanangan,2
kawang,1
kawatan,7
kawayan,5
kawota,1
kayamukat,1
kaylap,4
kaynakataas,1
kaysa,14
kayutaan,1
kemika,1
kemistri,1
kenath,1
kerkhove,1
keso,5
keyk,9
kiasagaran,1
kibrothhataava,1
kijuray,10
kilala,1
kilid,10
kiliran,1
kilometro,2
kilong,1
kilusang,1
kinaadman,3
kinabuhi,45
kinadakang,1
kinahabogang,1
kinahaglan,1
kinahanglan,68
kinahanglang,2
kinahanglanon,1
kinahitasan,2
kinaiya,2
kinaiyahan,1
kinaiyanhon,1
kinamanghuran,2
kinaon,1
kinasangan,1
kinasulorang,1
kinataliwadan,2
kinatawhang,1
kinatibukan,1
kinatibukang,1
kinatumyan,2
kinatungan,1
kinaubsan,1
kinhason,1
kiniadtong,1
kiniang,1
kining,36
kiniy,4
kinsa,89
kinsang,2
kinsay,14
kinse,2
kinuha,1
kinyentos,1
kiriatharba,1
kitang,2
klaro,27
klarong,2
klase,31
klasehana,1
klasehanan,1
klaseng,5
klasmet,1
kolehiyo,1
koleksyon,1
kolektor,1
kolesterol,1
kolon,1
kolonya,1
koloranan,1
kombiksyon,2
kombinasyon,1
komersyal,2
komitiba,1
komitido,1
komonwelt,1
kompaniya,1
kompanya,3
komplikado,1
komportable,1
kompyuter,3
komunidad,2
kondili,12
kondisyon,2
kondol,1
konektado,2
kongresista,1
konong,1
konseho,1
konsensya,3
konsepto,1
konserbatibo,1
konsumo,1
konsyerto,1
kontahay,1
kontaminado,1
kontento,1
kooperasyon,5
kopa,2
korales,2
korteng,1
koryano,1
kotonkendi,1
kotse,3
krema,3
krimen,2
kristiyano,1
kristiyanong,1
kristuhanon,1
kritikal,1
kritisismo,1
kudlit,1
kugihan,1
kugmo,1
kuha,4
kuhaa,5
kuhaon,6
kuhol,1
kulang,3
kulturang,1
kulungan,2
kumagko,1
kumpara,3
kumpirmado,1
kumpirmadong,1
kumuha,2
kumusta,3
kundili,2
kuneho,2
kunot,1
kupon,1
kurapsyon,1
kurbata,1
kursunadahan,1
kurukunto,1
kuryente,2
kusgan,5
kusganong,1
kusina,23
kusion,2
kusog,14
kuspad,1
kusuga,1
kutob,1
kutsarita,1
kutsilyo,3
kutsinta,2
kuwadrado,1
kuwadrados,1
kuwanggol,1
kuwarto,3
kuwenta,1
kuwintas,1
kuyabog,2
kwarenta,1
kwarta,13
kwartang,2
kwarto,11
kwelyo,2
kwenya,1
l,1
laad,1
laay,1
labahunon,1
labaw,13
labawng,2
labhunonn,1
labing,52
labot,2
labrusca,1
labud,3
labut,7
labutlabot,1
lachis,2
ladang,1
lagay,1
lagmit,3
lagom,3
lagot,1
lagsaw,3
lahi,22
lahilahi,1
lahing,1
lainlain,5
lainlaing,15
lakang,2
lakat,1
lakaw,1
lakeng,12
lakinon,1
lakip,14
lalake,100
lalaki,27
lalakideterminado,1
lalang,1
lalawigan,4
lalim,1
lalison,1
lalom,2
>>>>>>> 9dfe370b30e15142589708a5424f55a0604acdbd
lamadagat,1
lamamg,1
lamandagat,1
<<<<<<< HEAD
lamao,1
lamarcki,1
lamat,1
lamay,1
lambak,2
lamboyog,1
lamian,10
lamisa,14
lamisita,1
lamissa,2
lamok,3
lampara,3
lamparaha,1
lamparahan,5
lamulamoag,2
lanaw,13
landak,2
landong,7
landungan,1
langaan,1
langat,1
langaw,4
langayan,2
langgam,83
langgama,4
langgan,1
langgyaw,1
langitnong,1
langka,4
langodngod,3
langoy,6
langub,10
languiguey,1
langyaw,13
laniakea,4
lanngam,1
lansang,2
lansis,2
lansones,3
lantaw,1
lantawa,4
lantawan,2
lantawon,2
lantsa,1
lantugi,2
lapad,6
lapalapa,4
lapay,1
lapiti,1
lapok,7
laraw,3
larawan,8
laray,4
larena,2
larino,1
lasang,38
lasaron,1
laskanan,1
lasn,1
laum,1
lauman,1
lawak,23
lawalawa,1
lawas,122
lawasa,1
lawasnon,2
laway,3
lawod,1
lawom,7
lawum,2
layag,1
layas,4
laybrari,3
layong,1
leanardo,1
leftlibertarians,1
legazpinaga,1
legionarios,2
leksyon,2
leksyona,1
lemonada,2
lemonsito,3
lemosito,2
lenggawahe,4
lengwahea,2
lengwaheng,1
letse,1
letseplan,2
letsugas,1
leucism,1
leuconoe,1
levadura,25
levihanon,54
leyon,4
lialum,1
liamen,1
liamez,1
libiran,1
libna,5
libni,3
liboan,1
libog,1
libolibo,3
libong,2
librarya,11
librengng,1
libroha,14
librohan,2
librohanan,1
libron,1
librong,1
libudsuroy,2
libulibo,1
libulibong,1
libut,3
libuti,1
libuton,1
lidlidda,1
lieutentat,1
ligal,12
ligdong,1
ligid,4
ligona,1
ligonon,2
liguon,1
lihiman,1
lihiro,2
lihok,5
likay,1
likayan,1
likayi,3
likido,8
likobalay,1
likod,32
likodbalay,4
likoran,1
liku,1
liliosa,1
limaw,4
limbong,2
limbungan,1
limitado,4
limitadolaing,1
limitasyon,1
limoh,1
limonada,1
limonsito,2
limpyo,12
limpyohan,5
limpyohi,1
linain,1
linatan,1
linaw,9
lingaw,2
lingawlingaw,1
linggo,1
lingguwistika,1
linggwahe,1
linghod,1
linghud,2
lingi,1
lingin,16
lingkod,7
lingkoranan,5
lingkuranan,26
lingla,1
lingsod,1
lingwahe,1
linibo,4
linilok,4
linog,20
linolino,1
linta,1
linubok,1
linugdangan,2
linugsanay,1
linumbay,1
linuto,6
linya,12
linyahe,1
liog,3
liogan,2
lipatlipat,1
lipay,3
lipodlipod,1
lisensya,3
lisias,1
liso,7
lisod,24
lisodan,2
listahan,9
listlist,1
lisud,27
litag,4
litrato,13
litro,1
litson,4
livein,1
liwasan,1
liwat,3
liyon,2
lobophyllia,3
lobtail,1
logograma,2
lohiya,1
loisetteae,1
lokalidad,1
lokasyon,5
lokoloko,1
lomontod,2
longganisa,10
longimanus,1
longsilog,5
lorenzaga,1
lorenzana,2
loripes,1
lovelli,1
lowrisk,1
lubak,1
lubi,7
lubnganan,16
lubog,1
lubong,4
lubot,1
ludim,1
lugara,2
lugas,2
lugaw,4
luglog,1
lugson,1
luha,12
luho,1
luisita,3
lukat,5
lukban,1
lukob,2
lukoluko,1
lukso,1
lulan,2
lumad,23
lumakaw,8
lumalangyaw,5
lumawag,1
lumbalumba,1
lumbay,2
lumboy,2
lumiso,1
lumolupyo,1
lumon,7
lumot,3
lumugsong,1
lumulopyo,2
lumulupyo,4
luneta,2
lungag,5
lungaw,1
lungib,7
lungsod,137
lungsora,4
lungsoranon,1
lungsuranon,2
lungtad,1
lungtian,5
lungtiang,1
lunhaw,36
lunop,4
lunsay,5
luntian,20
luoy,1
lupad,3
lupig,1
lupon,1
lurchas,1
lusaran,1
lusong,1
lusot,2
luspad,9
luto,11
lutoa,1
lutoanan,1
lutoi,2
lutong,1
lutos,1
lutosa,1
lutoson,1
lutuon,3
luwan,1
luwanan,2
luwas,3
luwasa,4
luwason,7
luya,3
luyo,23
m,5
maabiabihon,1
maablihan,2
maabot,3
maabrihan,1
maabtan,4
maabtik,1
maabut,4
maaccess,1
maadlaw,1
maadto,4
maadtoan,1
maadtuan,1
maadunay,1
maaghop,1
maako,1
maakusahan,1
maala,1
maalam,6
maalamon,8
maalamong,2
maalas,1
maalerto,1
maalsa,1
maambag,1
maamgohan,1
maampingon,1
maanaa,1
maanad,3
maangkon,1
maanidot,1
maanindot,8
maantigo,1
maantos,1
maanyag,13
maarkilahan,1
maasa,1
maasawa,3
maasin,2
maaslom,1
maassimilate,1
maayag,1
maayo,320
maayog,1
maayong,71
maayongpang,1
maazias,1
mabaga,1
mabagsak,1
mabakunahan,1
mabalaan,2
mabalaka,7
mabalan,3
mabalda,1
mabaligya,1
mabalik,1
mabangga,2
mabanggaan,1
mabangis,4
mabanhaw,2
mabasa,5
mabaskog,2
mabasol,2
mabati,1
mabaw,6
mabayran,1
maberdebrown,1
mabihag,1
mabilanggo,1
mabilin,1
mabinantayon,2
mabinantayong,1
mabinay,1
mabiniyaan,1
mabiyaan,3
mabuak,2
mabuang,3
mabugat,3
mabugto,1
mabuhat,23
mabuhi,26
mabuhian,1
mabuka,1
mabulag,1
mabulahan,9
mabulkan,1
mabulokan,1
mabungahon,2
mabungaon,2
mabunggo,1
mabuntag,1
mabuot,1
mabusog,2
macabando,2
maceda,2
maceloth,3
machbanai,1
machnadbai,1
macpela,5
macrorhynchos,1
macrostoma,1
madaan,1
madagayaon,2
madagumon,1
madakop,1
madakpan,2
madaku,2
madakup,4
madala,1
madali,9
madalidalion,2
madalum,1
madangat,1
madanihon,1
madanihong,1
madaog,5
madaot,3
madasig,1
madasigon,1
madasmagi,1
madasok,1
madaugdaugon,1
madawat,1
madayon,1
madayun,1
madian,10
madianhon,6
madiskubre,1
madmanna,1
madon,1
madremadre,2
madridejos,1
madsmar,2
madugang,1
madugay,6
madugmok,1
madugta,2
madula,1
madulas,1
madulom,1
madungag,1
madungan,2
madunggan,5
madungog,5
madunot,6
maduol,1
madyik,2
magaagak,1
magaagay,1
magaagda,1
magaalagad,10
magaampo,1
magaan,1
magaanak,4
magaanam,2
magaandam,1
magaani,3
magaantus,2
magaasoy,1
magaawit,2
magabahin,1
magabahinbahin,1
magabakho,1
magabalaan,7
magabalata,1
magabalhin,1
magabaligya,3
magabalik,5
magabalitad,1
magabanhaw,1
magabantay,16
magabarog,1
magabasa,1
magabato,1
magabatok,1
magabaton,6
magabayad,2
magabayaw,2
magabii,1
magabitay,2
magabitbit,1
magabli,2
magabroad,1
magabubo,1
magabuhat,36
magabuhi,1
magabuhig,1
magabuka,2
magabunal,1
magabuno,2
magabutang,10
magabutangbutang,1
magadaghan,1
magadahum,1
magadala,23
magadangat,1
magadapat,1
magadawat,6
magadayeg,2
magadia,1
magadt,1
magadto,9
magadugang,1
magadugmok,1
magadumot,2
magadumuloong,1
magaduol,3
magadusmog,2
magafiesta,1
magagahum,4
magagalam,1
magagamit,1
magagasto,1
magagawi,1
magagikan,4
magagil,2
magaginoo,2
magagiuk,1
magagmay,4
magagmayng,1
magaguba,1
magagukod,1
magagula,1
magahalad,46
magahald,1
magahambin,1
magahampak,4
magahari,2
magahatag,23
magahigda,2
magahikap,3
magahiling,28
magahilum,1
magahimo,9
magahimog,1
magahingilin,1
magahit,1
magahugas,1
magahugaw,2
magahukom,6
magahulga,1
magahupot,1
magaihaw,1
magailis,1
magaingon,46
magainum,1
magaisip,1
magakaaway,1
magakahadlok,2
magakahaduol,2
magakakuyog,1
magakalagiw,2
magakalipay,5
magakalooy,3
magakamang,1
magakaon,58
magakataas,1
magakatulog,2
magakaulaw,1
magakauyon,1
magakinabuhi,1
magakiskis,1
magakiting,1
magakuha,48
magakunhod,1
magakupot,1
magalaba,4
magalaban,2
magalagad,6
magalaglag,2
magalak,1
magalakat,1
magalakaw,13
magalamoy,2
magalas,1
magalibut,4
magalihok,1
magalikos,2
magaling,1
magalingkod,1
magalipay,1
magaliso,1
magalubong,2
magaluhod,1
magalukat,3
magalukop,1
magalumlom,1
magalutos,2
magaluwas,7
magamaayo,1
magamadaugon,1
magamalipayon,1
magamigo,1
magaminatay,3
magamingaw,1
magamit,10
magamping,4
magampo,2
magampon,1
magampuay,1
=======
lamian,3
lamisa,3
lamok,1
lampara,1
lamparahan,1
lanaw,3
landak,1
langayan,1
langgam,33
langgan,1
langgyaw,1
langka,1
langoy,1
langub,2
langyaw,4
lansis,1
lantawon,1
lapad,1
lapalapa,1
lapok,3
larawan,2
lasang,9
lawak,5
lawas,24
lawom,4
lawum,1
layas,2
laybrari,2
layulayo,1
legarda,1
lemonada,1
lemonsito,1
lenggawahe,2
letse,2
levadura,7
levihanon,7
liamen,1
libakera,10
libni,1
libolibo,2
libroha,5
libuton,1
ligal,4
ligdong,1
ligonon,1
likayan,2
likayi,1
likido,1
likobalay,1
likod,9
likoran,1
limaw,1
limbong,1
limitado,2
limitadolaing,1
limitasyon,1
limoh,1
limonsito,1
limpyo,1
limpyohan,1
linaw,3
lingawlingaw,1
lingin,3
lingkod,2
lingkoranan,3
lingkuranan,7
lingsod,1
linibo,3
linilok,1
linog,5
linta,1
linubok,1
linya,4
linyahe,1
liog,1
lipay,1
lipodlipod,1
lisensya,2
liso,3
lisod,8
lisodan,1
listahan,3
lisud,6
litag,3
litrato,2
litson,1
lohikal,1
lokasyon,2
lokoloko,1
longganisa,1
lubi,3
lubnganan,3
lubong,2
lubot,4
lubton,9
ludim,1
lugas,1
luglog,1
luha,2
luisita,2
lukob,1
lukumi,1
lumad,9
lumakaw,3
lumalangyaw,1
lumon,4
lumulopyo,1
lumulupyo,1
luneta,1
lungag,2
lungib,1
lungsod,28
lungsoranon,1
lungtian,1
lungtiang,1
lunhaw,5
lunop,1
luntian,3
luoy,1
lupon,1
lusong,1
luspad,4
luto,3
lutuon,2
luwasa,1
luwason,1
luya,1
luyo,7
m,3
maabut,1
maalam,2
maalamon,1
maamgohan,1
maanindot,2
maantigo,1
maantos,1
maanyag,4
maasawa,1
maasin,1
maayo,68
maayog,2
maayong,18
mabangis,3
mabasa,2
mabaw,4
mabayran,1
mabihag,1
mabinantayon,1
mabinantayong,2
mabiyaan,1
mabuak,1
mabugat,4
mabuhat,4
mabuhi,7
mabuhian,2
mabulahan,3
mabunalan,1
mabusog,1
maceda,1
maceloth,1
macpela,1
madagayaon,1
madagumon,1
madaku,1
madakup,2
madali,1
madalidalion,1
madangat,1
madaog,1
madaot,1
madasig,1
madasmagi,1
madaut,1
madawat,2
madian,1
madremadre,1
madugay,3
madugta,1
madungan,1
madunggan,2
madungog,1
magaagay,1
magaalagad,3
magaandam,1
magaani,1
magaantus,1
magabadlong,1
magabalaan,2
magabalhin,1
magabaligya,1
magabalik,1
magabantay,3
magabatok,1
magabaton,1
magabayad,1
magabayaw,1
magabilin,1
magabitay,1
magabitbit,1
magabubo,1
magabuhat,6
magabuhig,1
magabutang,1
magabutyag,1
magadala,4
magadangat,1
magadawat,2
magadto,2
magadugmok,1
magaduol,2
magagahum,1
magagasto,1
magagawi,1
magaginoo,1
magahalad,13
magahatag,4
magahawid,1
magahikap,1
magahiling,4
magahilum,1
magahimo,3
magahimog,2
magahukom,4
magaihaw,1
magaingon,9
magaisip,1
magakaaway,2
magakalipay,1
magakalooy,1
magakaon,13
magakataas,1
magakuha,8
magalaglag,1
magalain,1
magalakat,1
magalamoy,2
magalas,1
magalibut,1
magalikos,1
magaliso,1
magalubong,1
magalumlom,1
magaluwas,2
magamit,4
magamping,2
>>>>>>> 9dfe370b30e15142589708a5424f55a0604acdbd
magamugna,1
maganahan,4
maganak,1
<<<<<<< HEAD
magandam,3
magandar,1
maganes,8
maganhi,2
magani,1
magantos,1
magantus,3
maganunot,1
magapaalot,1
magapaanha,2
magapabayad,1
magapabili,2
magapabilin,15
magapadagaya,1
magapadaghan,4
magapadala,6
magapadayag,1
magapadayon,2
magapadulong,2
magapagarbo,1
magapahaduol,2
magapahalayo,1
magapahaluna,7
magapahamtang,1
magapahamutang,8
magapahibalo,1
magapahulam,1
magapahulay,1
magapahunong,1
magapakaagalon,1
magapakamatay,2
magapakanaug,1
magapakaon,3
magapakasala,1
magapakighilawas,1
magapakita,4
magapakuha,2
magapakunhod,1
=======
magandar,1
maganes,4
magantus,3
maganunot,2
magapadala,2
magapadulong,1
magapagarbo,1
magapahaduol,1
magapahaluna,1
magapahamutang,2
magapahilayo,1
magapahulay,1
magapakaon,1
magapakita,2
>>>>>>> 9dfe370b30e15142589708a5424f55a0604acdbd
magapalabilabi,1
magapaligon,2
magapalihok,1
magapalinaw,1
<<<<<<< HEAD
magapalit,1
magapaluya,1
magapamulong,1
magapamupo,1
magapanaad,1
magapanagiya,3
magapanalangin,12
magapangahas,2
magapanganak,1
magapangasawa,1
magapangayo,1
magapanghinaut,1
magapangita,6
magapangutana,1
magapanimalus,10
magapanunod,5
magapapahawa,4
magapapanumpa,1
magapapatay,1
magapaputli,2
magapasakit,1
magapasalaag,2
magapasalamat,1
magapasaylo,4
magapasibsib,1
magapasidaan,1
magapasigarbo,1
magapasipala,1
magapasulod,4
magapasuso,1
magapataas,2
magapatalinghug,19
magapatay,16
magapatibulaag,1
magapatindog,2
magapatlaag,1
magapatubo,1
magapaturok,1
magapaupaw,2
magapilapil,2
magapildi,1
magapili,2
magapinig,1
magaprenda,1
magapugas,1
magapugong,3
magapulaw,1
magapulos,2
magaputli,1
magapuyo,20
magasaad,3
magasablig,6
magasalin,1
magasamad,2
magasawa,2
magasawahay,3
magasilbi,1
magasimba,1
magasingkamot,1
magasugid,1
magasugo,8
magasugod,4
magasuhol,1
magasuka,1
magasukit,1
magasukod,1
magasulat,1
magasulob,1
magasulod,12
magasulti,11
magasunod,1
magasunog,11
magasupsup,1
magasusi,2
magatabang,2
magatabyog,1
magatagad,2
magatagana,1
magatago,3
magatahud,1
magatamay,3
magatanaw,2
magatandog,1
magatanum,2
magatawag,1
magatiawtiaw,1
magatigum,1
magatilap,1
magatiman,2
magatindog,8
magatingub,2
magatiti,1
magatolo,1
magatuaw,1
magatubag,2
magatubang,2
magatubo,2
magatudlo,3
magatugot,5
magatugyan,7
magatukaw,1
magatukod,1
magatuman,1
magatungina,1
magatuslob,2
magauban,7
magaula,1
magaulay,1
magauma,1
magauna,1
magauswag,1
magautut,2
magauyog,1
magauyon,1
magaway,3
magbabalak,6
magbabalaod,3
magbabantay,1
magbabaton,2
magbago,6
magbahin,2
magbakasyon,3
magbakho,1
magbaklay,2
magbaktas,5
magbalaan,2
magbalantay,28
magbangga,1
magbantay,13
magbasa,20
magbasol,1
magbasul,1
magbaton,5
magbayad,2
magbayle,1
magbaylo,1
magbeyk,1
magbidyugeym,1
magbigaon,1
magbilin,3
magbinisaya,2
magbinuang,1
magbisbis,1
magbisti,1
magbiyahe,2
magbiyolin,1
magbobolda,1
magbotar,1
magbubuhat,4
magbuhat,31
magbuka,1
magbuntag,1
magbuot,1
magbus,1
magbutang,4
magbuut,1
magbyahebyahe,1
magdadala,6
magdadamgo,1
magdaghan,1
magdagkot,1
magdahom,3
magdahum,1
magdali,6
magdamgo,1
magdaug,1
magdawat,6
magdesisiyete,1
magdesisyon,3
magdibuho,1
magdikitdikit,1
magdiwata,1
magdominggo,1
magdrayb,8
magdudula,1
magdudumala,1
magdugay,5
magdula,21
magdumala,1
magdumili,1
magdumot,2
magdungag,1
magdungan,1
magduol,3
magdutsa,1
mageksersays,1
magengkwentro,1
magenjoy,1
mageskwela,2
magestorya,2
magestoryahay,1
magfocus,1
magfreeze,1
maggamit,1
magginaksanay,1
maggubat,3
maghalad,9
maghari,1
maghatag,14
maghawod,1
maghigda,2
maghigugma,2
maghikay,3
maghilak,2
maghilum,2
maghimasa,1
maghimo,9
maghimog,1
maghinulsol,1
maghubad,1
maghugas,1
maghuhubad,1
maghuhukom,11
maghukad,1
maghulat,19
maghulatmaghuwat,1
maghulay,1
maghuman,1
maghuna,3
maghunahuna,9
maghunahunaan,1
maghunauna,1
maghunong,2
maghusay,1
maghuwat,1
magigsoon,3
magihap,2
magingles,8
magingon,5
maginingles,2
maginum,4
=======
magapamupo,1
magapanagiya,1
magapanawag,1
magapangasawa,1
magapangita,1
magapanimalus,2
magapanunod,1
magapasalaag,1
magapasalamat,1
magapasidaan,1
magapasuso,1
magapatalinghug,7
magapatay,2
magaprenda,1
magapugas,1
magapuyo,9
magasablig,1
magasalin,1
magasingkamot,1
magasugo,2
magasugod,2
magasuka,1
magasulti,7
magasunod,2
magasunog,2
magasupsup,1
magatabang,1
magatago,1
magatakom,1
magatamay,3
magatanum,1
magatiawtiaw,2
magatindog,1
magatubang,1
magatugot,1
magatuman,1
magauban,1
magauma,1
magauswag,1
magbabalaod,2
magbakasyon,1
magbaklay,1
magbaktas,1
magbalantay,13
magbantay,1
magbasa,6
magbaton,2
magbayad,1
magbayle,1
magbilin,1
magbinuang,2
magbinutan,1
magbotar,1
magbuhat,2
magbuka,1
magbukas,1
magbuot,1
magbus,1
magdagan,1
magdagkot,1
magdahom,1
magdawat,2
magdesisyon,1
magdrayb,1
magdugay,2
magdula,2
magdumot,1
magduol,3
magdutsa,1
mageskwela,2
maggubat,1
maghalad,3
maghatag,4
maghigda,2
maghigugma,1
maghimo,3
maghimog,1
maghuhubad,1
maghuhukom,4
maghulat,5
maghulga,1
maghunahuna,2
maghunong,1
magigsoon,2
magihap,1
magingles,2
>>>>>>> 9dfe370b30e15142589708a5424f55a0604acdbd
maginusa,1
maginusara,12
magipon,1
magisip,1
<<<<<<< HEAD
magistambay,1
magistorya,3
magitik,1
magiyaan,1
magka,2
magkaadto,1
magkaaduna,1
magkaanak,1
magkadiyut,1
magkahanap,2
magkahugaw,1
magkakomunismo,1
magkalagarat,2
magkalainlain,2
magkambyo,1
magkanawong,1
magkaon,12
magkaparehas,2
magkape,1
magkatagsa,1
magkatawa,1
magkatigulang,2
magkatukma,1
magkatulog,1
magkinabuhi,1
magkinahanglan,1
magkinitanay,1
magkita,16
magkomedya,1
magkonsert,1
magkuha,17
magkupot,1
maglaaglaag,1
maglabotlabot,1
maglakaw,9
maglakawlakaw,1
maglakip,1
maglalis,3
maglangan,3
maglangkob,1
maglangoy,1
maglibut,4
maglikay,3
maglimbong,1
maglimbongay,1
maglinog,1
maglinya,1
maglipay,1
magliso,1
maglisod,1
maglukat,1
maglukmay,1
maglungtad,1
magluto,17
magmaawaton,2
magmabungaon,1
magmahajong,1
magmahay,2
magmahingpit,2
magmalalison,1
magmalampuson,2
magmalinawon,1
magmalipayon,1
magmaloloyon,1
magmamando,1
magmandarin,1
magmaneho,5
magmapahitason,1
magmasingkamoton,1
magmasinugtanon,2
magmaskara,1
magmasukihon,1
magmata,1
magmatngon,3
magminatay,3
magnaheo,1
magnalog,1
magnetospera,1
magniob,1
magnostalya,1
magoalupad,1
magovertime,1
magpaabot,2
magpaabut,1
magpaagi,1
magpabaga,1
magpabago,1
magpabastos,1
magpabaylo,1
magpabilin,15
magpabukal,2
magpabulad,1
magpabutang,1
magpadagan,1
magpadala,5
magpadato,1
magpadaug,1
magpadayon,3
magpagahi,1
magpagawas,1
magpagupit,1
magpahamtang,1
magpahanagin,1
magpahibalo,2
magpahilayo,1
magpahiluna,1
magpahimulos,2
magpahinungod,1
magpahisalaag,1
magpahulam,1
magpahulay,4
magpahuway,1
magpaila,1
magpaimportante,4
magpaipon,2
magpakaagalon,1
magpakaarongingnon,1
magpakadaghan,1
magpakadaku,1
magpakahilom,1
magpakamatay,6
magpakasal,3
magpakighilawas,2
magpakiguban,1
magpakilooy,1
magpakita,4
magpakonsulta,1
magpakuha,3
magpakusog,1
magpalabi,1
magpalayo,1
magpalit,5
magpalupad,2
magpanagiya,1
magpanghimaraut,1
magpangutana,1
magpanimati,1
magpanit,1
magpanumpa,1
magpapahawa,1
magpapana,3
magpapanimalus,7
magpapatay,1
magpapatigayon,3
magpaputol,2
magpasakop,3
magpasalamat,2
magpasaway,1
magpasaylo,2
magpasibsib,1
magpasipala,1
magpasugo,1
magpasulabi,1
magpasulig,1
magpasuso,2
magpataka,2
magpatalinghug,10
magpatanaw,2
magpatay,3
magpatigayon,1
magpatindog,1
magpatubo,2
magpatugtog,1
magpatukod,1
magpatuli,1
magpatulo,2
magpaturok,1
magpauwaw,1
magpiknik,4
magpili,3
magpito,1
magpiyano,1
magplastar,1
magpraktis,1
magpranses,7
magpudo,1
magpugas,1
magpugong,3
magpuli,2
magpulongpulong,1
magpundo,2
magpungko,1
magpupugas,2
magpuyo,20
magsaka,2
magsaksi,3
magsamok,1
magsasalsal,1
magsaya,1
magselebrar,2
magshopping,1
magsige,1
magsilbi,2
magsine,1
magsingkamot,1
magski,1
magskwela,1
magsoon,5
magstorya,8
magsugat,2
magsugilon,2
magsugo,2
magsugod,26
magsulat,8
magsulob,4
magsulod,2
magsulti,14
magsuporta,1
magsuroysuroy,1
magsurrender,1
magsusi,1
magsusulat,2
magsusulti,1
magsususi,1
magtabangay,1
magtabi,1
magtagad,2
magtagalog,2
magtakda,1
magtaki,1
magtakong,2
magtaksi,1
magtali,1
magtalikod,1
magtalop,1
magtanaw,3
magtanom,1
magtanum,1
magtapok,1
magtarbaho,1
magtatambag,1
magtatambal,1
magtatatlumpo,1
magtenis,2
magtiayon,6
magtiltil,1
magtinabangay,1
magtindog,1
magtino,1
magtintal,1
magtitiing,3
magtiwas,2
magtoon,1
magtotogtog,1
magtrabahao,1
magtrabaho,12
magtsa,1
magtudlo,3
magtugot,1
magtukod,2
magtulog,2
magtuman,1
magtumong,3
magtunglo,3
magtuo,1
magtuon,31
magtutudlo,31
magtutungha,6
magtutuon,1
maguba,5
maguban,7
magubot,4
magukelele,1
magula,1
magulang,17
magulanon,1
magunitan,1
magunsa,4
maguol,1
magusa,2
magusab,1
magustohan,2
magustuhan,7
magutman,1
maguugda,1
maguuma,4
maguwang,1
maguyon,1
magviral,2
magwawali,1
mahabilin,12
mahabol,1
mahadlok,24
mahadlokon,3
mahagiton,1
mahagugma,2
mahaigo,1
mahait,2
mahakalimot,1
mahalaleel,6
mahali,4
mahalon,4
mahamutan,1
mahanapan,1
mahanaw,2
mahanumdum,2
mahapon,1
maharai,1
maharlika,3
mahasalin,1
mahasol,1
mahatabo,6
mahatag,2
mahatagan,7
mahatod,2
mahatungod,16
mahauna,2
mahayaghayag,2
mahiabut,4
mahiadto,1
mahiagi,1
mahiagum,1
mahiaguman,1
mahiangin,1
mahibalan,27
mahibalik,4
mahibalo,20
mahibaloan,5
mahibawan,3
mahibilin,1
mahibulong,1
mahiduol,1
mahigalaon,1
mahigawas,1
mahigop,1
mahigugma,5
mahigugmaong,1
mahigugmaongkalolot,4
mahigula,1
mahijack,1
mahika,3
mahikalimot,2
mahikang,1
mahikap,1
mahikapan,2
mahikay,1
mahilig,1
mahiligon,1
mahiluna,1
mahilunang,2
mahimamat,1
mahimayaon,2
mahimo,130
mahimog,8
mahimong,137
mahimsog,2
mahimulag,1
mahimuot,1
mahimutang,4
mahinabangon,1
mahinabo,1
mahinadlokon,1
mahinawayon,1
mahinay,2
mahinayak,1
mahinganli,1
mahinlo,21
mahinloan,1
mahinuduman,1
mahinumdom,2
mahinumdoman,5
mahinumdum,5
mahinumduman,3
mahinungdanon,8
mahinungdanong,3
mahisalaag,2
mahisama,2
mahisangyad,1
mahistrado,2
mahisukarap,1
mahitabo,87
mahitugod,1
mahitungod,102
mahituod,1
mahiuban,1
mahiwaga,2
mahli,1
mahubog,3
mahugasi,1
mahugaw,26
mahugawan,1
mahugawi,1
mahugawng,2
mahugay,1
mahulagway,1
mahulgaon,1
mahuli,1
mahulog,8
mahulogan,4
mahumamat,1
mahuman,20
mahumanay,1
mahumot,2
mahunahuna,1
mahunahunaa,1
mahunahunaan,8
mahunong,1
mahurot,3
mahutdan,1
mahuyang,1
maibanan,1
maibog,1
maibug,3
maigi,1
maignan,1
maigo,6
maihap,3
maihitabo,1
maikagon,1
maikyasan,1
mailhan,1
mailhi,5
mailhing,3
maimo,3
mainaton,1
maingato,1
maingon,42
mainit,2
mainitan,1
mainiton,1
mainitong,1
mainom,4
mainum,1
mainyo,2
mainyong,1
maipahimutang,1
mairita,1
maistorya,6
maistroya,1
maisugon,1
maisulat,1
maitala,1
maitum,1
makaabot,4
makaabut,8
makaadto,15
makaagham,1
makaagi,3
makaagwanta,1
makaakit,1
makaalagad,2
makaambit,2
makaangkon,1
makaantos,1
makaantus,2
makaapas,3
makaasdang,1
makaayo,2
makabalhin,1
makabalik,4
makabalo,10
makabangga,1
makabanhaw,1
makabasa,5
makabasol,1
makabaton,6
makabayan,2
makabiya,3
makabiyahe,2
makabot,3
makabuang,1
makabuhat,9
makabuhi,2
makabuka,1
makabuno,1
makabuntog,1
makabuyag,1
makadaan,1
makadagan,1
makadaghan,3
makadaghang,1
makadako,1
makadala,14
makadangat,5
makadaog,1
makadaot,6
makadaug,1
makadaut,1
makadawat,9
makadayeg,1
makadiyot,12
makadot,1
makadrayb,2
makaduaw,1
makadula,2
makadungog,12
makaduol,1
makadutsa,1
makaeskapo,1
makaestorya,1
makagagahum,7
makagahit,2
makagawa,1
makagawas,4
makagbulag,1
makagpugong,1
makaguba,2
makagula,1
makaguol,1
makahadlok,2
makahahadlok,1
makahalad,1
makahatag,11
makahawa,3
makahayberneyt,1
makahibalo,6
makahibaw,1
makahigda,4
makahikap,21
makahilak,4
makahimo,21
makahimoot,1
makahimuot,1
makahinga,1
makahingoko,1
makahinumdom,3
makahubad,1
makahubog,2
makahulam,1
makahulat,2
makahuman,3
makahunahuna,1
makahurot,2
makaihap,1
makaiibug,2
makaikyas,2
makaila,13
makaimpluwensya,1
makaingon,4
makainom,1
makainum,4
makaipon,1
makairita,1
makaisip,2
makaistorya,2
makakabig,1
makakalagiw,1
makakaon,13
makakaplag,14
makakaton,4
makakaun,2
makakita,28
makakuha,7
makakuyog,1
makalabaw,1
makalagbas,2
makalaglag,1
makalampos,1
makalangoy,5
makalapas,1
makalaraw,1
makalihok,2
makalikay,1
makalilisang,5
makalimot,3
makalimtan,4
makalimtang,1
makalingaw,7
makalipay,5
makalitok,1
makalolooy,2
makaluksaw,2
makaluluoy,1
makalupad,2
makaluwas,2
makaluya,1
makamao,1
makamatay,20
makamatngon,2
makamugna,1
makanunayon,1
makanuot,1
makaon,15
makaonan,1
makapaaghop,1
makapaamang,1
makapaayo,1
makapabalik,1
makapabaylo,1
makapabuang,1
makapadala,1
makapadasig,1
makapagpranses,1
makapahamuot,1
makapahimulos,2
makapahimuot,3
makapahulam,1
makapahuman,1
makapaigo,1
makapakaon,1
makapakusgan,1
makapalambo,1
makapalit,3
makapanalangin,1
makapanaw,1
makapangagapas,1
makapangita,1
makapangluwa,1
makapaniid,1
makapanimaho,1
makapanunod,2
makapasar,3
makapasubo,2
makapatay,9
makapatingala,3
makapauswag,1
makapilt,1
makapito,2
makaplagan,2
makapresko,1
makapugong,4
makapugos,2
makapukan,1
makapyotan,1
makarab,1
makasabot,16
makasabut,7
makasakay,1
makasakit,1
makasala,16
makasalig,4
makasaligan,2
makasamad,14
makasapot,1
makasasala,2
makasayaw,1
makasaysayanon,1
makasaysayanong,1
makaseguro,1
makasiguro,4
makasilip,1
makasinati,1
makasinggit,1
makastorya,3
makasugakod,1
makasugilon,1
makasukol,2
makasulbad,1
makasulod,4
makasulti,10
makasuya,3
makatabang,8
makatabok,2
makatabon,2
makatagamtam,1
makatakas,2
makatakod,3
makatamak,1
makatapos,4
makatarong,1
makatarungan,1
makatarunganon,1
makatarunganong,1
makatawa,2
makatawag,1
makatestigo,1
makatigaw,1
makatindog,4
makatingog,1
makatipon,1
makatog,1
makatolo,3
makatonan,1
makatoo,1
makatou,2
makatrabaho,1
makatubag,10
makatudlo,1
makatugbong,1
makatugtog,1
makatugyan,1
makatukmod,3
makatulo,4
makatulog,5
makatuman,7
makatuo,1
makatuon,3
makatupong,1
makauban,4
makaulaw,2
makauli,1
makaunsa,2
makausa,6
makauulaw,2
makawat,2
makaya,4
makbasa,1
makig,2
makigaway,5
makigdaiton,1
makighilawas,2
makighinabi,2
makighiusa,2
makighusay,1
makigilaila,2
makigistorya,3
makiglalis,1
makiglambigit,1
makigminyo,1
makigsayaw,1
makigsekso,1
makigstorya,2
makigsulti,8
makigtambayayong,1
makiguban,2
makiguyon,1
makililimos,3
makilingbanahaw,1
makinaadmanon,3
makinaha,1
makinasudnon,2
makinilya,1
makipagaway,1
makitan,75
makitang,2
maklaro,2
makomun,2
makontak,1
makontra,1
makontrol,1
makopa,3
makugaan,1
makugihon,1
makuha,14
makuhaan,1
makulang,1
makulangan,1
makulbaan,1
makuli,1
makulong,1
makumbinser,1
makumpol,1
makunhuran,1
makupas,2
makuptan,1
makusganong,1
makusog,10
makuti,2
makuyawan,2
malabhan,1
malacaang,2
malaglag,4
malain,1
malakanyang,2
malake,2
malaking,2
malala,2
malalim,1
malalison,2
malamaton,1
malami,2
malamoy,1
malampos,1
malampuson,4
malandong,1
malangan,2
malangay,1
malantawan,1
malapok,1
malatapay,1
malatayan,1
malaumon,1
malaway,1
malchias,1
malditu,2
maleta,3
malibog,1
maligayang,1
maligo,5
maligon,2
maligsan,2
malihukon,1
malikayan,17
malimbongan,1
malimbongon,3
malimbongong,1
malimbungon,1
malimit,1
malimpyohan,2
malimtan,5
malinapason,1
malinawon,3
malingaw,6
malingin,1
malingkoran,1
malipay,6
malipayon,50
malipayong,9
malipukon,9
malisang,1
malisud,7
maliupayon,1
maljpayong,1
malluch,1
maloloyon,2
maloluyon,1
maloluyong,1
malomo,3
malooy,2
malukat,1
malumo,1
malumsan,1
malunggay,1
malunhaw,2
malunit,1
malupigong,1
maluto,1
maluwas,5
maluya,5
mamaak,1
mamaayo,7
mamabitik,1
mamahalon,1
mamahaw,3
mamahay,1
mamahayag,1
mamahimo,46
mamahimon,1
mamahimong,19
mamahingpit,1
mamahinlo,3
mamahugaw,7
mamahuway,1
mamaimo,1
mamainyo,1
mamaiya,2
mamakak,2
mamala,2
mamalengke,4
mamali,2
mamaligyaay,1
mamalihog,1
mamalihpg,1
mamalihug,1
mamalit,4
mamalitay,1
mamaluwas,1
mamamahayag,2
mamamalak,1
mamamatay,3
mamamawi,2
mamang,1
mamao,9
mamatay,139
mamati,2
mamauli,5
mamausik,1
mamayat,1
mambajao,1
mambuhatay,1
mameligro,1
mamihimo,1
mamilig,1
maminaw,13
maminusan,1
maminyo,1
mamis,1
mamisita,2
mammalya,1
mamomoo,2
mamula,2
mamulak,1
mamulong,3
mamumoo,1
mamumuhat,2
mamumulong,2
mamumumuhat,1
mamumuno,19
mamumuo,3
mamuyo,1
manaad,1
manabaku,1
manabang,1
managamigo,1
managaway,2
managawit,1
managbakho,3
managbakus,2
managbalaan,1
managbantay,1
managbaton,1
managbiya,1
managbuhat,1
managbutang,1
managdala,2
managdumot,1
managhalad,6
managhan,1
managhayad,1
managhigala,2
managigsuon,2
managingon,1
managisip,3
managkalipay,1
managlahi,4
managlingkod,1
managlubog,1
managminatay,4
managot,1
managpabalaan,1
managpahaluna,1
managpamana,1
managpamiya,1
managpangaon,1
managpanggula,1
managpanglaum,1
managpanlakaw,1
managpanoo,1
managpanubag,2
managpanulis,1
managpanuol,1
managpaupaw,1
managpuasa,1
managpugas,2
managpuyo,1
managsama,2
managsinggit,1
managsinggitay,1
managsoon,2
managsulob,1
managsulti,1
managsuon,2
managtipak,1
managtoo,1
managuswag,1
managyubit,1
managyukbo,1
manakop,1
manalagna,25
manalagnaa,1
manalingsing,1
manambalay,1
manambok,1
manamilit,1
manamkon,1
mananabang,7
mananagat,1
mananambag,1
mananambal,6
manananap,1
manananggal,1
mananaog,1
mananap,74
mananapa,2
mananapon,3
mananaug,1
mananay,1
mananayaw,1
mananghid,1
mananom,2
manapaw,3
manarbaho,5
manases,24
manatrato,1
manaug,3
manawag,1
manayaw,1
mandadaog,1
manedyer,2
mangabanhaw,1
mangabayo,1
mangabit,1
mangabuak,1
mangabuang,1
mangabuhi,1
mangabut,1
mangadaan,1
mangadaut,1
mangadlawon,1
mangadto,9
mangahadlok,1
mangahanaw,1
mangahulog,1
mangako,1
mangalagiw,1
mangalaglag,1
mangalarot,4
mangaligo,2
mangalingkod,1
mangaliya,1
mangamatay,37
mangaminyo,1
mangamuyo,1
manganak,13
manganakay,1
mangandam,1
mangandoy,1
mangangagaw,1
mangangayam,2
manganha,1
mangaon,14
mangapakyas,1
mangape,1
mangapply,1
mangapukan,6
mangapuno,1
mangasawa,5
mangasayup,1
mangatagak,1
mangatawo,1
mangatayog,1
mangatol,1
mangatubang,1
mangatumba,1
mangawagtang,1
mangawala,1
mangawat,5
mangayam,1
mangayo,14
mangayog,4
mangdaot,1
manggang,2
manggialamon,33
manggialamong,1
manggiulawon,2
manggugubot,1
manggula,8
manghawa,1
manghibalo,8
manghihilot,1
manghilabot,1
manghimitiis,1
manghinaut,1
manghipangdol,1
manghipos,1
manghiram,1
manghod,1
manghori,2
manghud,10
manghugas,1
manghulam,4
manghunaw,2
mangihing,1
mangila,1
mangilad,6
manginabuhi,1
manginahanglan,1
mangingisda,5
manginlabot,2
manginom,2
manginsama,1
mangisda,3
mangita,9
mangitag,1
mangitngit,3
mangiub,1
mangkadagko,2
mangkakusog,2
mangkanindot,1
mangkanipis,1
mangkok,1
mangku,1
manglugsong,1
mangolekta,1
mangtas,2
manguerra,1
manguha,2
manguli,1
mangumusta,1
mangunguha,1
mangurog,1
mangutana,17
mangutlo,1
manhid,1
manibela,2
manigarilyo,8
manigulang,2
maniguro,1
manihapon,13
manika,6
maniklo,1
maniko,15
manilhig,1
manimalos,2
manimalus,1
manindog,3
maningkamot,2
maninguha,1
maniniid,1
maniningil,1
manipis,2
maniting,1
maniwang,3
manlakaw,2
manlalaban,1
manlangoy,1
manluluwas,2
mannul,2
manobos,2
manobra,1
manok,22
manolonda,24
manolunda,8
manong,2
mansanas,37
mansanitas,1
mansyon,1
mantalaan,5
mantekilya,2
mantika,3
mantikilya,5
mantinir,1
manuborno,2
manudlo,2
manukan,1
manulod,1
manulonda,1
manulot,1
manulti,3
manumbaling,1
manumpa,5
manungas,1
manunggal,1
manunukob,3
manunulat,4
manununod,1
manunuwat,1
manutbras,1
manwal,1
manyeka,1
maong,86
maot,4
maoy,117
maoyung,2
mapaagi,1
mapaandar,1
mapadayag,1
mapadayon,2
mapagawas,1
mapagic,2
mapahawa,1
mapahigawas,1
mapahimuslan,1
mapahimuslanon,1
mapahitason,3
mapailubon,1
mapait,7
mapakaon,1
mapakinabangan,1
mapakisayuron,1
mapakita,1
mapakyas,6
mapalapad,2
mapalit,10
mapalong,1
mapamatudan,1
mapaminaw,1
mapaminusan,1
mapanagiya,3
mapanalanginan,1
mapanalipdan,3
mapanganuron,2
mapangayuan,1
mapangita,1
mapasabut,1
mapasalamaton,1
mapasangat,1
mapasaylo,1
mapasipalahon,2
mapataas,1
mapatay,13
mapatunhay,1
mapatuyang,1
mapatuyangon,1
mapausbaw,1
mapildi,3
mapildig,1
mapili,1
mapinaubsanon,1
mapintas,10
mapiskay,1
mapiut,2
maprotektahan,2
mapugatan,1
mapugngan,12
mapugngi,1
mapugos,1
mapukan,4
mapula,5
mapulapula,5
mapuno,3
mapuo,3
mapuslan,2
maputi,8
mapuyan,3
mapuypoy,1
maragondon,1
maraon,1
maratol,1
mardocheo,1
mareng,1
maresa,1
marichu,2
mariit,1
marikultura,1
marinero,1
maritess,1
marivic,1
mariwana,2
mariz,2
marsiyano,1
martilyo,4
martilyong,1
martir,2
marukos,1
marupok,1
maryte,1
masabtan,21
masabti,1
masabut,4
masacerdote,1
masadan,2
masahan,4
masahe,1
masahi,1
masaker,1
masakigan,1
masakit,4
masakitan,1
masakiton,7
masakop,1
masakpan,2
masakyan,1
masaligan,9
masaligon,1
masalin,1
masamadan,1
masanag,2
masayang,1
masayod,8
masayon,1
masayop,4
masayran,4
masayud,12
masayup,2
mascap,1
masentro,1
masidlakan,1
masigka,1
masigo,2
masigpit,1
masiguro,4
masikreto,1
masilag,2
masimbahon,2
masinabuton,2
masingkamuton,7
masinugtanon,2
masinugtanong,1
masiradi,1
masirado,1
maskara,9
maskig,5
masmaayo,2
masolusyonan,1
masputi,1
massawensis,1
masubanon,3
masubay,1
masubsob,1
masugatan,1
masugod,1
masukihon,2
masuko,10
masulaw,1
masulbad,4
masulob,1
masulobon,4
masulobong,2
masulti,10
masulubon,3
masulubong,3
masulud,1
masulundon,1
masungit,1
masunog,1
masupilon,1
masusama,1
masustansiyang,1
masustansya,1
masuta,1
masyado,3
matabang,2
matabangan,5
matabunan,1
matadero,2
matadiro,2
matag,39
matagadlaw,5
matagamtam,1
matagbaw,2
matagbuntag,1
mataginom,1
matagkaliman,2
matagkaon,1
matagna,2
matagnaan,3
matago,2
matagpito,2
matagtolo,1
matagumpay,1
matagusa,2
mataha,2
matahom,4
matahum,11
matalinghagang,1
matambag,1
matambalan,2
matambok,5
matamga,1
matamis,2
matana,1
matang,25
matanga,3
matangan,1
matanggal,1
matanggog,1
matapos,5
mataptan,1
matarong,2
matarung,38
matawag,1
matawo,1
matayog,1
materyal,9
mathanias,1
mathenai,2
mathusalam,4
matibawas,1
matigum,1
matiguwang,1
matilos,1
matiman,1
matimanan,1
matinabangon,1
matinamdanon,2
matinaw,1
matingala,1
matingub,1
matino,1
matinudanon,2
matinudanong,1
matinumanon,1
matinunglo,6
matinuod,3
matinuoron,2
matira,1
matngonan,2
matoco,1
matod,20
matog,4
matrusted,1
mattago,1
matthai,1
matubag,3
matud,4
matudlo,1
matug,1
matugpahan,1
matukib,1
matukob,1
matulid,2
matulog,26
matuman,10
=======
magka,1
magkadiyut,1
magkalagarat,1
magkalainlain,1
magkasinabot,1
magkatagsa,1
magkita,2
magkuha,6
maglaaglaag,1
maglagot,1
maglakaw,4
maglakip,2
maglalis,1
maglangkob,1
maglibut,1
maglilimbong,1
maglisod,1
maglukat,1
maglungtad,2
magluto,6
magluya,1
magmahay,1
magmalampuson,1
magmalinawon,2
magmalipayon,1
magmaneho,1
magmanggialamon,1
magmasinugtanon,1
magminatay,1
magpabilin,6
magpadagan,1
magpadala,1
magpadayon,1
magpahamtang,2
magpahibalo,1
magpahimulos,2
magpahuway,1
magpaipon,1
magpakaarongingnon,2
magpakamatay,3
magpakigambit,1
magpakita,2
magpalayo,1
magpalit,3
magpanit,1
magpapahulay,1
magpapana,1
magpapatigayon,1
magpasabot,1
magpasakop,3
magpasalamat,2
magpasibsib,1
magpasigarbo,1
magpasugo,1
magpataka,1
magpatalinghug,1
magpatanaw,1
magpatugtog,1
magpatukod,1
magpiknik,1
magpili,3
magpranses,1
magpudo,1
magpugas,1
magpuli,1
magpupugas,1
magpuyo,5
magselebrar,1
magsige,1
magsiguro,1
magsilbi,2
magsingkamot,1
magsira,1
magstorya,2
magsugat,1
magsugod,9
magsuhol,1
magsulob,2
magsulod,1
magsulti,4
magsuporta,1
magtagad,1
magtakong,1
magtali,1
magtanum,1
magtatagna,1
magtenis,1
magtiayon,1
magtiltil,1
magtiwas,1
magtotogtog,1
magtulog,1
magtuon,6
magtutudlo,8
magtutungha,1
maguba,2
maguban,1
magubot,1
magulang,3
magunsa,2
magustohan,1
magustuhan,1
magutman,1
maguugda,1
maguuma,5
magviral,2
mahabilin,1
mahadlok,5
mahaigo,1
mahait,1
mahalaleel,1
mahalon,1
mahanaw,1
mahasama,1
mahatabo,3
mahatag,1
mahatagan,3
mahatungod,3
mahauna,1
mahiagi,1
mahiagum,4
mahiaguman,1
mahibalan,6
mahibalik,2
mahibalo,4
mahibaloan,2
mahibulong,1
mahigalaon,1
mahigugmaongkalolot,2
mahigula,1
mahijack,1
mahika,2
mahikang,1
mahilunang,2
mahimayaon,1
mahimo,29
mahimog,4
mahimong,46
mahimuot,1
mahimutan,1
mahimutang,1
mahinabangon,1
mahinabo,1
mahinadlokon,1
mahinatagon,1
mahinay,1
mahinlo,5
mahinloan,1
mahinuduman,1
mahinumdoman,2
mahinungdanon,3
mahinungdanong,4
mahisama,1
mahistrado,1
mahitabo,17
mahitungod,17
mahiuban,1
mahiwaga,1
mahli,1
mahugasi,1
mahugaw,4
mahugawng,4
mahulog,5
mahuman,3
mahumot,1
mahunahunaan,1
mahurot,1
mahutdan,1
mahuyang,1
maigo,2
maihap,1
maikyasan,1
mailhi,4
mainaton,1
maingato,1
maingon,13
mainit,1
mainiton,1
mainom,1
maipahimutang,2
mairita,1
maisip,1
maistorya,1
maitum,1
makaabot,1
makaadto,5
makaagwanta,1
makaalagad,4
makaambit,1
makaapas,1
makaapekto,2
makabalo,3
makabarug,1
makabaton,2
makabiya,1
makabot,2
makabuka,1
makadaan,1
makadaghan,1
makadala,3
makadangat,1
makadaot,5
makadawat,1
makadayeg,1
makadiyot,1
makadot,1
makadula,2
makadungog,2
makagagahum,1
makagahit,1
makagawa,1
makagbulag,1
makagpugong,1
makaguba,1
makagunob,1
makahadlok,2
makahatag,1
makahawa,1
makahibalo,1
makahigda,1
makahikap,3
makahimo,8
makahinga,1
makahulam,1
makahuman,1
makaihap,1
makaikyas,1
makaila,1
makaingon,1
makainom,1
makainum,1
makairita,1
makaisip,2
makaistorya,1
makakaon,5
makakaplag,2
makakaton,2
makakita,6
makakuha,1
makakuyog,2
makalakaw,1
makalangoy,1
makalihok,1
makalikay,1
makalilisang,4
makalimot,1
makalimtan,1
makalingaw,1
makalolooy,1
makaluksaw,1
makaluod,1
makalupad,1
makaluwas,1
makamatay,3
makamugna,1
makanunayon,1
makaon,4
makapaamang,1
makapabaylo,1
makapagpranses,1
makapahimulos,1
makapaigo,1
makapalit,1
makapanagiya,1
makapanaw,1
makapanimaho,1
makapanunod,1
makapasar,1
makapasigarbo,1
makapasubo,2
makapatay,1
makapauswag,1
makasabot,2
makasabut,2
makasala,2
makasamad,4
makasaysayanong,1
makasilo,1
makastorya,2
makasugilon,2
makasukol,1
makasulod,2
makasulti,5
makasuya,2
makatabang,2
makatagamtam,1
makatamak,1
makatarunganon,5
makatawa,1
makatestigo,1
makatolo,1
makatoo,1
makatou,1
makatrabaho,1
makatugyan,1
makatukmod,1
makatulo,1
makatulog,1
makatuman,2
makauban,1
makauli,1
makausa,2
makawat,1
makigistorya,1
makigsulti,1
makililimos,1
makinaadmanon,3
makinasudnon,1
makipagaway,1
makitan,20
makomun,1
makopa,1
makuha,7
makulangan,1
makulong,1
makusog,3
malaglag,2
malain,1
malala,2
malampos,1
malantawan,1
malatapay,1
malaumon,1
maleta,1
maligo,2
malikayan,5
malimbongon,1
malipatlipatong,1
malipay,2
malipayon,10
malipayong,3
malisud,3
malluch,1
malukat,1
malungtaron,1
malunhaw,1
malunit,1
maluwas,2
mamaayo,1
mamahimo,7
mamahimong,5
mamahinlo,1
mamahugaw,1
mamaiya,1
mamala,1
mamalihog,1
mamalit,1
mamamahayag,1
mamamatay,1
mamatay,27
mambuhatay,1
maminaw,3
mammalya,1
mamomoo,1
mamula,1
mamumuno,5
mamumuo,1
managamigo,1
managawit,1
managbakus,1
managbaton,1
managbuhat,1
managbutang,1
managdala,1
managhalad,1
managhan,1
managhayad,1
managhigala,1
managhinulsol,1
managisip,1
managkalipay,1
managminatay,2
managpakaila,1
managpamana,1
managpamiya,1
managpangadto,1
managpanoo,1
managpanulis,1
managpugas,1
managsuon,2
managtukaw,1
managyukbo,1
manalagna,5
mananambag,2
mananaog,1
mananap,15
mananapon,4
manapaw,1
manarbaho,2
manases,7
manedyer,1
mangabanhaw,1
mangabayo,1
mangabit,1
mangabuang,1
mangabuhi,1
mangadto,3
mangahanaw,1
mangahas,1
mangako,1
mangalarot,1
mangaligo,1
mangamatay,11
mangangayam,1
mangaon,3
mangapukan,1
mangasawa,1
mangatagak,1
mangatawo,1
mangatubang,1
mangawat,1
mangayo,6
mangayog,2
manggang,1
manggialamon,22
manggula,3
manghawa,1
manghibalo,4
manghilabot,1
manghimitiis,1
manghud,2
mangila,2
manginahanglan,1
mangingisda,1
manginlabot,1
mangisda,1
mangita,3
mangitngit,1
mangkadagko,1
mangtas,1
manguha,1
mangumusta,1
mangunguha,1
mangutana,2
manigarilyo,1
manigulang,1
manihapon,2
manika,3
maniko,1
manindog,1
maninguha,2
maniningil,1
manipis,1
manlakaw,1
manluluwas,1
manok,4
manolonda,3
manolunda,7
manong,1
mansanas,7
mansyon,1
mantalaan,3
mantika,1
manulti,2
manumpa,1
manyeka,1
maong,22
maorag,1
maot,1
maoy,41
mapadayag,2
mapadayon,1
mapagawas,1
mapagic,1
mapahimuslanon,1
mapakaon,1
mapalit,2
mapanagiya,1
mapanalipdan,1
mapangahason,1
mapanganuron,2
mapangayuan,1
mapasagarong,1
mapasaylo,1
mapasigarbohong,1
mapasipalahong,1
mapatay,3
mapausbaw,1
mapildi,1
mapili,1
mapintas,3
mapreserbar,2
maprotektahan,2
mapuanguron,1
mapugngan,4
mapukan,1
mapula,1
mapulapula,2
mapuo,4
maputi,3
mapuyan,1
maraon,1
marivic,1
mariz,1
marupok,1
maryte,1
masabtan,8
masadan,1
masahe,1
masakiton,4
masaligan,3
masaligon,2
masayang,1
masayod,1
masayran,1
masayud,2
masayup,1
mascap,1
masigka,1
masigo,1
masikreto,1
masimbahong,1
masinabuton,1
masingkamuton,1
masinugtanon,4
masiradi,1
masirado,1
maskara,3
maskig,1
masukad,1
masukanon,1
masuko,7
masulayan,1
masulti,2
masulubong,2
masungit,1
masuso,2
masustansiyang,1
matabang,1
matabangan,2
matabunan,1
matadero,1
matag,12
matagadlaw,1
matagna,1
matago,1
matagtolo,1
matagusa,1
matahom,1
matahum,4
matambag,1
matambalan,1
matambok,3
matang,12
matanga,1
matapos,2
mataptan,1
matapus,1
matarung,15
matawag,1
materyal,3
matigum,1
matimanan,1
matinamud,1
matinudanong,1
matinuoron,1
matngonan,2
matod,5
matog,1
matthai,1
matugpahan,1
matukob,2
matulid,2
matulog,5
matuman,1
>>>>>>> 9dfe370b30e15142589708a5424f55a0604acdbd
matumba,1
matumog,1
matunan,1
matunaw,2
<<<<<<< HEAD
matunod,1
matuod,10
matuohan,2
matutukan,1
matutunaw,1
maubos,2
mauhaw,1
maulahi,8
maulaw,2
maulawon,4
maulay,1
mauli,1
maulian,1
maunongon,1
mausa,2
mausab,1
mausisaon,1
mauswagon,4
mautro,1
mauyab,4
mawad,1
mawadag,1
mawadan,4
mawakli,1
mawala,15
mawalaan,1
mawalan,1
may,273
mayabong,1
mayangkawayan,1
maynila,8
mayones,1
maypag,1
mayubiton,1
mayuko,3
mebunnai,1
mecheratnon,1
mediahanon,2
medikal,1
medisina,3
medisinal,1
meditasyon,1
mediumsized,1
medyas,3
mehetabeel,1
mehiko,1
mekaniko,2
mekanismo,1
meksikano,1
meksikanong,1
melicha,1
melquisedec,1
memorya,2
menardo,2
mendigo,2
mennad,1
mensahe,4
menteryo,1
mephaath,1
meraioth,1
meranau,1
meranaw,1
meremoth,1
meriba,1
merkado,11
merkuryo,1
merotenhon,1
meryenda,1
mesobiahanon,1
mestiso,2
mesullam,4
metabolismo,1
metalikong,1
metapisikang,1
meteorolohiya,1
meykap,1
meyor,1
mfga,1
mga,6904
mgaa,1
mgha,1
mhel,6
mhga,1
miabli,1
miabot,18
miabut,36
miadto,65
miagas,2
miagi,14
miaging,26
mialagad,3
mialsa,1
miangas,2
miangka,2
mianha,3
mianhi,18
miapas,1
miapil,1
miari,2
miatubang,1
miawit,2
mibago,1
mibakyaw,1
mibalhin,3
mibalik,20
mibangon,20
mibanlas,1
mibarog,2
mibarug,1
mibayad,1
mibisita,3
mibiya,4
mibiyahe,2
mibudlat,2
mibuhat,2
mibuka,4
mibulag,5
mibunal,1
mibutang,1
mibzar,1
microplastics,1
midagan,6
midagsang,2
midako,3
midaku,4
midala,2
midalagan,6
midali,6
midanag,1
midangat,31
midangop,3
midangup,1
midapig,1
midaug,1
midawat,2
midiam,1
midilaab,1
midin,1
midiyas,2
miduaw,2
midukdok,1
miduko,7
midulhog,1
midungab,1
midunggab,1
midunggo,1
midungo,1
miduol,10
miduslak,1
migahi,4
migakus,1
migaloo,1
migamay,2
migamit,9
migamut,2
migawas,1
migdalgad,1
migdugay,1
migikan,7
migilok,2
migowa,1
migrante,2
migula,36
mihalad,2
mihalin,4
mihalog,1
mihalok,3
mihampak,1
mihapa,7
mihari,2
mihasmag,2
mihatag,12
mihawa,1
mihigda,6
mihilak,12
mihilum,1
mihubad,1
mihukom,3
mihulat,2
mihulga,1
mihulog,2
mihunghong,2
mihunong,13
miigo,1
miila,2
miingon,633
miinom,3
miinum,4
mijamin,1
mikabat,3
mikalagiw,9
mikalot,1
mikanaog,1
mikanaug,1
mikaon,20
mikatawa,4
mikatkat,1
mikatulog,1
mikawas,1
mikaylap,3
mikidhat,1
mikindat,1
mikropono,1
mikuha,28
mikumot,2
mikumpisal,1
mikunhod,3
mikunsad,3
mikurog,2
mikusog,1
mikuyog,3
milaban,1
milabang,1
milabaw,2
milabay,19
milabi,2
milagab,2
milagatak,2
milaglag,1
milagrosa,1
milakaw,11
milamoy,2
milangoy,1
milantaw,1
milatas,2
milayas,1
milca,1
milflores,6
milibotlibot,2
milibut,1
milikus,1
milimetro,1
milimod,1
milingi,1
milingkod,5
miliraw,1
militante,1
militok,1
militz,1
millanes,1
millena,1
milokoton,1
milplores,1
milugsong,9
miluhod,1
milukop,1
milungtad,1
milunop,3
milupad,1
milurang,1
milusot,2
milya,2
milyanoryo,1
milyon,15
milyonaryo,2
milyong,1
mimartsa,1
mimata,1
minaayo,1
minaayohi,2
minagahat,1
minagsoon,1
minahal,1
minananap,1
minasa,3
minatay,36
mindanensis,3
mingabut,3
mingadto,6
mingagi,2
mingalsa,1
minganhi,2
mingaw,2
mingaway,1
mingawon,3
mingbagulbol,2
mingbalik,3
mingbangon,1
mingdali,1
mingdangat,3
mingdasmag,2
mingdayeg,1
mingduko,1
mingdunggab,1
mingduol,6
minggikan,1
minggubat,1
minggula,3
minghatag,1
minghilak,2
minghubas,2
minghugyaw,1
mingingon,20
mingipon,1
mingisi,1
mingkalagiw,1
mingkanaug,1
mingkaon,1
mingkuha,1
mingkupot,1
mingkuyog,1
minglabay,1
minglakaw,4
minglantaw,1
minglaum,1
minglibut,1
mingpabilin,1
mingpadala,1
mingpahaluna,23
mingpahamutang,1
mingpahawa,1
mingpahulay,1
mingpakita,1
mingpana,1
mingpanaw,75
mingpatay,5
mingpuyo,3
mingsabutsabut,1
mingsalanap,1
mingsubad,2
mingsugod,1
mingsulod,2
mingsulti,3
mingsunod,2
mingtabang,1
mingtalikod,3
mingtanaw,1
mingtigum,1
mingtindog,4
mingtipon,1
mingtuaw,2
mingtubag,21
mingtugbong,1
mingtuman,1
mingtungas,4
mingtungha,1
minguban,1
miniamin,1
minnith,1
minoriya,1
minorya,1
minubo,1
minugna,1
minunot,1
minyo,7
miog,1
mipabilin,5
mipabuhi,2
mipadayon,6
mipadulong,1
mipahaluna,1
mipahawa,18
mipahayag,2
mipahilit,1
mipahinumdom,2
mipahiyom,1
mipahulay,4
mipakabana,1
mipakanaug,1
mipakiluoy,1
mipakita,5
mipalayo,1
mipalit,4
mipanaw,20
mipasiugdang,2
mipasulod,1
mipatay,7
mipatindog,3
mipatlaag,1
mipatugbaw,1
mipauli,11
mipuli,1
mipundo,1
mipuyo,15
miresulta,3
miroy,1
misaad,3
misael,2
misaka,7
misakay,1
misakit,1
misalibay,1
misalig,2
misalop,1
misamad,1
misamot,3
misanay,1
misandig,1
misangpit,1
misangpot,1
misencounter,1
misibat,1
misibug,1
misidlak,1
misilaub,10
misimang,1
misimba,2
misinggit,11
miskag,3
miskan,1
miski,3
miskwela,2
mismana,1
mismong,2
misteryo,1
misturya,1
misubang,1
misubay,1
misugat,5
misugilon,4
misugo,5
misugod,4
misugot,3
misuka,1
misulat,7
misulay,4
misulod,23
misulti,119
misumpo,1
misunod,10
misupil,1
misurender,3
misuroy,1
misuway,1
misyonero,2
mitabang,5
mitabok,2
mitabon,2
mitakas,1
mitaligsik,2
mitalikod,4
mitambong,1
mitanaw,12
mitapot,1
mitawag,10
mitayog,1
mithca,3
mithi,1
mitiga,1
mitigbas,1
mitigulang,2
mitigum,1
mitimaan,1
mitindog,24
miting,12
mitipas,3
mitipig,1
mitipon,2
mitolohiya,1
mitoo,3
mitou,1
mituaw,4
mitubag,142
mitubo,5
mitugan,1
mitugot,2
mitugpa,2
mitugyan,2
mitukod,1
mitulo,1
mituman,1
mitungas,22
mitungha,9
mituo,6
mitutok,2
mituyok,1
miuban,5
miuga,1
miulan,3
miulbo,1
miuli,3
miuna,2
miundang,1
miusab,3
miuswag,1
miuyon,5
miwitwit,2
miy,2
miyabo,1
miyahat,2
miyembro,14
miyerkoles,1
miyerkules,10
miyukbo,1
mizpa,3
mizraim,1
mkaabot,1
mlalipukon,1
mnan,1
mndaragit,1
moabhanon,2
moabihanon,2
moabot,30
moabri,2
moabut,32
moadias,1
moadto,118
moadtog,1
moagi,14
moagig,1
moalagad,1
moandar,1
moanha,4
moanhi,13
moapil,3
moari,3
moasinso,2
moatend,1
moatiman,3
moato,1
moatubang,19
moayo,1
mobagsak,1
mobakasyon,1
mobakod,3
mobalhin,1
mobalik,28
mobangon,3
mobarog,2
mobarug,4
mobasa,1
mobati,2
mobato,2
mobayad,1
mobisita,3
mobiya,13
mobiyahe,6
mobuhat,1
mobulag,2
mobunot,1
mobuot,1
mobyahe,1
modagan,45
modagang,2
modaghan,2
modala,4
modalagan,1
modangat,6
modaog,4
modapig,1
modaro,1
modato,1
modaug,3
modawat,6
modayon,1
modernong,2
modesisyon,2
modili,1
modrayb,1
moduaw,5
modugo,1
modungag,1
moduol,6
modyul,2
mogabun,2
mogahi,2
mogahum,1
mogaling,2
mogama,2
mogamit,7
mogana,3
moganti,1
mogasto,1
mogawas,17
mogikan,2
mograbe,1
mograbeh,1
mogula,7
mohangyo,3
mohatag,7
mohaum,1
mohawa,10
mohawod,1
mohayag,1
mohigda,5
mohigugma,1
mohilak,7
mohimatayon,1
mohimo,3
mohimog,2
mohubag,1
mohulam,2
mohulat,2
mohunong,8
moikyas,1
moila,3
moinat,2
moingon,9
moiningles,2
moinom,8
moinum,1
moistorya,3
moistroya,1
mokabat,1
mokabot,1
mokalagiw,4
mokaliman,1
mokamang,5
mokanta,12
mokaon,86
mokatawa,3
mokatay,1
mokubos,1
mokuha,3
mokulo,1
mokunsad,1
mokuyog,1
molaag,1
molabang,1
molabaw,2
molabay,4
molada,1
moladah,1
moladang,2
moladuk,2
molagas,1
molagbas,1
molahutay,1
molakaw,26
molambo,1
molampos,2
molangay,1
molangoy,7
molantaw,2
molarga,2
molayag,1
molechet,1
molihok,8
moliko,1
molingi,1
molingin,1
molingkod,6
molinis,2
molugsong,6
molukat,3
molukop,1
molukso,1
molungtad,1
molupad,7
molupyo,2
moluto,2
monching,1
monggo,2
monggoloydo,1
monggos,1
mongisi,1
mongitngit,2
mongulob,1
monunot,2
mooabot,1
mopaagi,1
mopabilin,3
mopabor,3
mopadayon,1
mopagawas,1
mopahambog,2
mopahamtang,1
mopahawa,4
mopahid,1
mopahimo,1
mopahulay,4
mopailalom,1
mopakabana,17
mopakanaug,1
mopalayo,1
mopalit,11
mopaminaw,12
mopasalamat,4
mopasalig,17
mopasan,10
mopasar,1
mopasaylo,1
mopasinaw,1
mopasko,2
mopataas,1
mopatay,9
mopatimaw,1
mopatunog,1
mopatuo,3
mopatuybo,1
mopauli,11
mopili,3
mopuli,2
mopungko,1
mopusta,1
mopuyo,9
moradong,1
morcon,3
moresulta,1
moretiro,1
morpolohiya,1
mosabot,4
mosaka,2
mosakay,5
mosalig,7
mosalikway,1
mosalop,4
mosangko,1
mosangpit,2
mosangpot,3
mosangput,2
mosayaw,4
mosera,2
moseroth,3
mosidlak,1
mosilaub,2
mosimang,1
mosimba,1
mosipyat,1
mosiyagit,2
moske,2
moskwela,1
mossulod,1
mostorya,1
mosubang,1
mosudong,1
mosugot,1
mosuki,1
mosulat,2
mosulay,1
mosulod,28
mosulong,1
mosulti,9
mosunod,24
mosupil,1
mosupsop,1
mosurender,2
mosuroy,3
motaas,1
motaba,2
motabang,4
motabok,9
motalikod,4
motambok,1
motambong,1
motanaw,10
motapot,1
motarbaho,1
motarong,1
motawag,10
motibasyon,1
motibo,2
motidlum,1
motikuko,1
motindog,38
motingog,5
motipas,4
motipon,6
motoo,8
motorista,1
motorsiklo,12
motrabaho,2
motubag,10
motugan,1
motugot,5
motugtog,1
motuig,1
motulo,4
motuman,1
motungas,4
motungha,4
motuo,33
moturok,3
mouban,12
moubus,2
moulan,12
mouma,1
moundang,4
mousedeer,1
mouyon,4
mrbark,1
muabot,16
muabotay,2
muabutay,1
muadaog,2
muadto,29
muadtog,2
muandar,4
muapil,2
muarg,1
muari,2
muba,1
mubaba,1
mubalak,1
mubalik,11
mubaril,1
mubasa,1
mubidlisi,1
mubisita,1
mubiyahe,1
mubo,10
mubu,5
mubuhat,4
mubuon,1
muchupa,1
mudagan,3
mudangan,1
mudaog,2
mudato,1
mudungag,1
muepekto,1
mugaan,1
mugabii,1
mugamit,3
mugana,1
mugawas,10
mugbo,1
muginhawa,1
mugna,4
mugnamugna,1
mugot,1
muguho,1
mugunit,1
muhagok,1
muhatag,4
muhawa,13
muhigda,1
muhilak,4
muhilom,1
muhimo,2
muhimog,1
muhunong,6
muihap,1
muingon,1
muinit,1
muinom,5
muistorya,6
mukanta,5
mukaon,23
mukatawa,2
mukatay,1
mukuha,5
mukumpra,1
mulakaw,5
mulakw,1
mulambo,1
mulangoy,11
mulangyaw,1
mulihok,5
mulingi,1
mulingkod,7
mulinya,1
multidimensiyonal,1
multo,1
mulupad,4
muluto,1
mungisi,1
munisipalidad,2
munisipyo,10
muoban,3
muolan,2
muoli,3
muondang,3
muoo,1
mupahiyom,1
mupahulay,2
mupakabana,1
mupalit,5
mupara,1
mupasar,1
mupili,2
mupirma,1
mupuli,1
mupundo,1
mupuyo,5
murag,107
murcielagos,1
musabot,1
musalig,2
musalmot,1
musalom,1
musamot,1
musayaw,1
museyo,3
musikero,3
musikolohista,1
muskwela,1
musogot,1
mussika,1
mustasa,1
mustorya,3
musulat,2
musulay,1
musulod,2
musulti,1
musunod,2
musunoray,1
musupak,1
musweldo,1
mutaas,1
mutabang,8
mutabok,1
mutambong,1
mutan,1
mutanbong,1
mutanomay,1
mutasyon,3
mutawag,2
mutingog,1
mutoo,1
mutou,2
mutrabaho,1
mutubag,1
mutubo,2
mutugot,1
mutunaw,1
mutungha,1
muuban,3
muulan,5
muuli,5
muundang,2
muwebles,4
myembro,8
myerkoles,2
n,7
na,1883
naablihan,1
naabot,7
naabtan,5
naabuhan,1
naaburido,2
naabut,1
naachieve,2
naadik,1
naadmit,1
naadto,2
naadtoan,1
naagaw,3
naako,1
naaksidente,1
naaligutgut,1
naamam,2
naamang,2
naamathitanhon,2
naanaay,1
naanad,4
naandam,1
naandan,4
naang,1
naangayi,1
naangol,1
naapektuhan,1
naapil,6
naaprobahan,1
naapsan,1
naaresto,4
naasayod,1
naason,3
naatrak,1
naay,228
naayo,5
naayunan,1
nabaggaan,1
nabago,2
nabagsak,1
nabahin,6
nabaho,1
nabairan,1
nabakasyon,1
nabakunahan,3
nabalaan,1
nabalaka,6
nabalan,7
nabaligya,1
nabalita,3
nabalitaan,2
nabangga,1
nabanhaw,3
nabanlas,1
nabantayan,2
nabantog,2
nabaril,1
nabasa,13
nabasahan,1
nabaskog,2
nabati,16
nabatian,1
nabautismohan,2
nabawi,1
nabay,1
nabayat,1
nabayran,1
nabihag,3
nabiktima,2
nabilin,10
nabiling,1
nabiyaan,2
naboang,2
nabuak,6
nabuang,10
nabuangan,1
nabucodonosor,1
nabughat,1
nabugkos,1
nabugnawan,2
nabugtoan,1
nabuhat,22
nabuhi,9
nabulabog,1
nabulol,1
nabungat,1
nabuntis,1
nabusog,5
nabuta,1
nabutang,1
nabutyag,1
nabwisit,1
nachor,3
nacino,1
nacorner,1
nacremate,1
nadagma,2
nadakip,1
nadakpan,4
nadaku,1
nadakup,5
nadala,3
nadamay,1
nadamgohan,1
nadani,2
nadanyos,1
nadaog,1
nadaot,6
nadasig,1
nadasmagan,2
nadasuk,1
nadato,2
nadawat,9
nadayon,1
nadesisyonan,1
nadihogan,1
nadihugan,1
nadiskobrehan,2
nadiskubre,3
nadiskubrehan,2
nadisturbo,1
nadokumentado,3
nadugang,1
nadugangan,1
nadugay,1
nadula,1
nadungagan,1
nadunggan,18
nadungog,18
nadunot,1
naflat,1
nagaabot,1
nagaabre,1
nagaadto,6
nagaagay,5
nagaagos,1
nagaalagad,1
nagaaligo,1
nagaampo,1
nagaanak,1
nagaanam,1
nagaanamanam,1
nagaandar,1
nagaantus,2
nagaatubang,1
nagabagulbol,1
nagabakasyon,1
nagabalaan,1
nagabaligya,4
nagabalik,1
nagabalikas,1
nagaban,2
nagabanhaw,1
nagabansay,1
nagabantay,2
nagabasa,5
nagabaton,3
nagabayaw,1
nagabayk,1
nagabiyahe,3
nagabri,1
nagabubo,1
nagabudlay,1
nagabuhat,14
nagabuhatnagagama,1
nagabuka,2
nagabukal,2
nagabukas,1
nagabunga,1
nagabuta,1
nagabutang,1
nagabutyag,3
nagabuwak,1
nagadagan,2
nagadala,3
nagadamgo,1
nagadaugdaug,1
nagadayeg,1
nagadende,1
nagadepende,1
nagadrayb,1
nagadroga,1
nagaduaw,1
nagadugo,1
nagaduhaduha,1
nagadula,7
nagadulhog,1
nagadumili,1
nagadumot,6
nagaeski,1
nagaeskwela,2
nagaestorya,1
nagaestudyo,1
nagagama,2
nagagamit,3
nagagawas,1
nagagay,3
nagaghat,1
nagagi,1
nagagikan,1
nagaginhawa,1
nagaguba,1
nagagukod,1
nagagula,3
nagahagok,1
nagahalad,1
nagahanap,1
nagahangyo,3
nagaharag,1
nagahari,1
nagahatag,13
nagahigda,3
nagahigugma,1
nagahigwaos,1
nagahikay,1
nagahilak,1
nagahilamos,2
nagahimo,13
nagahimog,2
nagahinapon,1
nagahinay,1
nagahithit,1
nagahugas,1
nagahugaw,1
nagahukas,1
nagahulat,8
nagahulga,1
nagahunahuna,2
nagahunong,1
nagaihap,1
nagaihaw,2
nagaingon,100
nagainom,10
nagainong,1
nagainusara,1
nagairog,1
nagaistorya,4
nagaistroya,1
nagakabayo,2
nagakadiyutay,1
nagakahatabo,2
nagakahunos,1
nagakalainlain,2
nagakalainlaing,2
nagakalas,1
nagakalukop,1
nagakamang,13
nagakamatay,4
nagakanaug,1
nagakanta,3
nagakaon,84
nagakasagul,2
nagakasangka,1
nagakawalawala,1
nagakiyugpos,1
nagakolekta,1
nagakon,2
nagakontra,1
nagakopya,1
nagakupot,1
nagalaaglaag,1
nagalaga,1
nagalagad,8
nagalagbas,1
nagalaglag,1
nagalahi,1
nagalakat,1
nagalakaw,12
nagalakip,1
nagalalis,1
nagalambo,1
nagalangoy,7
nagalay,1
nagalgal,2
nagalibot,2
nagalibut,7
nagaligo,3
nagalihok,3
nagalikos,2
nagalingkod,7
nagalubog,1
nagaluksolukso,1
nagalungtad,1
nagalupad,3
nagalupadlupad,1
nagaluto,74
nagalutos,1
nagaluwas,2
nagamaawaton,1
nagamala,1
nagamalipayon,1
nagamandong,1
nagamaneho,1
nagamasulobon,1
nagamata,5
nagamatuod,1
nagamay,2
nagamayot,2
nagaminatay,1
nagamistula,1
nagamit,1
nagamping,1
nagampo,13
nagamubo,1
nagamugna,1
naganahan,5
naganak,13
naganam,1
nagandam,2
nagangalan,1
nagani,2
nagantos,1
nagantus,1
nagaonline,1
nagapaabot,1
nagapaagay,2
nagapabilin,3
nagapaburot,1
nagapabutalid,1
nagapadaghan,1
nagapadako,1
nagapadala,1
nagapadayag,1
nagapadayon,3
nagapadulong,2
nagapaghot,1
nagapagula,4
nagapahamtang,1
nagapahayag,1
nagapahulay,1
nagapaingon,2
nagapainit,1
nagapajama,1
nagapakabana,1
nagapakahilum,1
nagapakaon,1
nagapakita,3
nagapakyas,1
nagapalakaw,1
nagapalandong,1
nagapalibot,1
nagapaligon,1
nagapalit,3
nagapalutaw,1
nagapamahaw,4
nagapamakak,1
nagapamalengke,1
nagapamalit,1
nagapamati,1
nagapaminaw,3
nagapamulong,5
nagapamunga,1
nagapamunit,1
nagapamuwak,1
nagapanalangin,3
nagapangabudlay,1
nagapangagi,3
nagapangatik,3
nagapangayo,1
nagapanghikap,1
nagapanghupaw,2
nagapangilo,1
nagapangisda,3
nagapangita,5
nagapangolekta,1
nagapangopya,1
nagapangurog,1
nagapangusap,1
nagapangutana,1
nagapaniid,2
nagapanimalus,3
nagapanit,2
nagapaniudto,1
nagapapuyo,1
nagapas,5
nagapasakit,1
nagapasilaub,1
nagapasundayag,1
nagapatalinghug,2
nagapatay,5
nagapatubo,2
nagapawala,1
nagapaypay,1
nagapikas,1
nagapilapil,1
nagapili,1
nagaportuguese,1
nagapranses,1
nagaprobar,1
nagapugong,1
nagapula,1
nagapumulong,1
nagapusa,1
nagaputli,1
nagapuyo,17
nagareglar,1
nagareklamo,1
nagarkila,1
nagaroningnong,1
nagaroskaldo,2
nagasaagsaag,1
nagasablig,1
nagasaka,1
nagasakay,2
=======
matuod,2
matuohan,2
maudto,1
maugdang,1
maulaw,1
maulipon,1
mausab,1
mausisaon,1
mauyab,2
mawadag,1
mawadan,1
mawala,4
maynila,1
mayones,1
mayubiton,2
mecheratnon,1
mediahanon,1
medikal,1
medisina,2
meditasyon,1
meksikanong,1
melicha,1
meremoth,1
merkado,3
metapisikang,1
meyor,1
mga,2153
miabot,4
miabut,10
miadto,13
miaging,6
mialagad,1
miambit,1
mianhi,5
miari,1
miatubang,1
mibalhin,1
mibalik,3
mibangon,2
mibanlas,1
mibarug,1
mibatig,1
mibiya,1
mibudlat,1
mibuka,1
mibutang,1
midalagan,1
midali,2
midangat,3
midawat,1
miduko,1
miduslak,1
migahi,1
migatory,1
migikan,2
migula,12
mihaguros,1
mihalok,1
mihangyo,1
mihapa,2
mihari,1
mihatag,2
mihilak,3
mihunong,2
miila,2
miingon,136
miinom,1
mikalagiw,5
mikanaog,1
mikaon,5
mikatawa,2
mikaylap,1
mikuha,5
mikunhod,2
mikunsad,1
mikurog,1
milabay,4
milakaw,2
milangoy,1
milatas,1
milflores,1
milikus,1
milili,1
milimetro,1
milingkod,1
milugsong,3
milukop,1
milupad,1
milurang,1
milyon,5
milyong,1
mimartsa,1
minahal,1
minasa,1
minatay,6
mindanensis,1
mingadto,1
mingbalik,1
mingdali,1
mingduol,1
minggula,1
mingingon,2
mingipon,1
mingkanaug,1
minglabay,1
minglakaw,1
minglantaw,1
minglaum,1
mingpahaluna,6
mingpahawa,1
mingpanaw,13
mingpatay,1
mingpuyo,1
mingtindog,1
mingtipon,1
mingtubag,1
mingtungas,1
minyo,1
mipahawa,5
mipahulay,1
mipakanaug,1
mipakiluoy,1
mipakita,1
mipalit,1
mipanaw,4
mipasulod,1
mipatay,3
mipatindog,1
mipatlaag,1
mipauli,4
mipuyo,8
miresulta,1
misael,1
misaka,4
misandig,1
misangpit,1
misinggit,4
miskag,1
miskwela,1
mismana,1
mismong,1
misubang,1
misubay,1
misugo,2
misugod,1
misuka,1
misulat,3
misulay,2
misulod,6
misulti,21
misunod,4
mitabang,1
mitabok,1
mitaligsik,2
mitalikod,1
mitanaw,3
mitawag,2
mitigulang,1
mitindog,3
miting,2
mitipas,2
mituaw,2
mitubag,30
mitugpa,1
mituman,1
mitungas,5
mitungha,3
mituo,1
miuli,1
miuna,1
miuyon,1
miyembro,4
miyerkules,2
mizraim,1
mlalipukon,1
mndaragit,1
moabhanon,2
moabot,5
moabri,1
moabut,6
moadto,22
moadtog,1
moagi,1
moalagad,1
moanha,1
moanhi,5
moasinso,1
moatiman,1
moatubang,4
mobakod,1
mobalik,2
mobangon,1
mobarug,2
mobisita,1
mobiya,4
moburot,1
modagan,5
modagang,1
modala,1
modalagan,1
modaog,2
modaro,1
modawat,3
modernisasyon,1
modesisyon,1
modrayb,1
mogaling,1
mogamit,1
mogawas,3
mogikan,2
mogula,2
mohangyo,1
mohatag,1
mohawa,1
mohilak,1
mohimo,1
mohimog,2
mohubag,1
mohunong,3
moingon,2
moistroya,1
mokamang,2
mokanta,2
mokaon,23
mokaratil,1
mokatawa,2
mokita,1
mokubos,1
mokuha,2
moladang,1
molagbas,1
molaglag,2
molakaw,4
molampos,1
molangoy,1
molantaw,1
molapas,1
molihok,2
moliko,1
molingi,1
molingkod,1
molinis,1
molugsong,1
molukat,2
molungtad,1
molupad,1
molupyo,1
molusko,1
monunot,1
mooabot,1
mopaagi,1
mopabor,1
mopadayon,1
mopahawa,1
mopahimo,1
mopahulay,1
mopailalom,1
mopakabana,2
mopalit,6
mopaminaw,4
mopasalamat,1
mopasalig,2
mopasan,2
mopatay,7
mopauli,4
moradong,1
morcon,2
morpolohiya,1
mosabot,1
mosalig,1
mosangput,1
moseroth,1
mossulod,1
mosuhop,1
mosulbad,1
mosulod,1
mosulti,3
mosunod,5
motabok,1
motalikod,1
motanaw,5
motawag,3
motibasyon,1
motidlum,1
motindog,9
motingog,1
motipas,3
motipon,3
motoo,3
motorsiklo,1
motubag,2
motugtog,1
motungas,1
motungha,3
motuo,7
mouban,2
moubus,1
moulan,5
moundang,2
mousedeer,2
muabot,3
muabotay,1
muadto,8
mubalik,2
mubasa,1
mubidlisi,1
mubisita,1
mubo,4
mubuhat,1
muchupa,1
muepekto,1
mugamit,1
mugawas,2
mugna,1
muhatag,1
muhawa,5
muhunong,2
muistorya,1
mukaon,6
mulakaw,1
mulangoy,1
mulangyaw,1
mulihok,1
mulingi,1
mulingkod,3
multidimensiyonal,1
mulupad,2
muluto,1
munisipalidad,1
munisipyo,2
muoli,1
mupalit,2
mupundo,1
mupuyo,1
murag,26
murcielagos,1
musamot,1
musikero,1
mustorya,1
musulat,1
mutabang,1
mutan,1
mutasyon,2
mutoo,1
muuban,1
muulan,2
muuli,2
myembro,3
n,3
naabtan,1
naadtoan,1
naagaw,2
naanak,1
naandan,1
naangol,1
naaprobahan,1
naay,45
naayo,4
nabaggaan,1
nabago,3
nabagsak,1
nabahin,4
nabaho,1
nabalan,1
nabaligya,1
nabalita,1
nabanhaw,1
nabanlas,1
nabasa,4
nabasahan,1
nabaskog,1
nabati,2
nabay,1
nabihag,1
nabiktima,1
nabilin,3
naboang,1
nabuak,2
nabuang,1
nabucodonosor,1
nabughat,1
nabugnawan,1
nabugtoan,1
nabuhagay,1
nabuhat,5
nabuhi,1
nabunturan,1
nabusog,2
nabutang,1
nachor,1
nadagma,1
nadakip,1
nadakpan,3
nadakup,2
nadamay,1
nadanyos,1
nadaot,2
nadasuk,1
nadawat,1
nadayon,1
nadesisyonan,1
nadiskobrehan,1
nadiskubrehan,1
nadokumentado,2
nadunggan,6
nadungog,4
nagaadto,1
nagaantus,2
nagabaligya,1
nagabalik,1
nagabalikbalik,1
nagaban,1
nagabantay,2
nagabasa,2
nagabaton,6
nagabubo,1
nagabuhat,4
nagabuhatnagagama,1
nagabuta,1
nagabutang,1
nagabutyag,2
nagabuwak,1
nagadagan,1
nagadamgo,1
nagadayeg,1
nagadula,2
nagaestorya,1
nagagama,1
nagaguba,1
nagagula,1
nagahalad,1
nagahangyo,1
nagahatag,4
nagahigda,3
nagahikay,1
nagahimo,6
nagahimog,1
nagahinay,1
nagahulat,1
nagaingon,17
nagainom,1
nagainum,1
nagaistorya,1
nagakalainlain,1
nagakamang,2
nagakamatay,1
nagakanaug,1
nagakaon,17
nagakon,1
nagalaaglaag,1
nagalagad,2
nagalagbas,1
nagalakat,1
nagalakaw,2
nagalambo,1
nagalangoy,1
nagalay,1
nagalibotlibut,1
nagalibut,4
nagaligo,1
nagalikay,1
nagalikos,1
nagalima,1
nagalingkod,1
nagalungtad,2
nagalupad,2
nagaluto,14
nagamata,1
nagaminatay,1
nagamit,1
nagamping,1
nagampo,1
naganak,3
nagandam,1
nagangalan,1
nagangulob,1
nagani,1
nagantos,1
nagaonline,1
nagapabilin,1
nagapadaghan,1
nagapadako,1
nagapadala,2
nagapadayon,1
nagapadulong,1
nagapaghot,1
nagapagula,9
nagapagulag,1
nagapahayag,1
nagapailalum,1
nagapakahilum,1
nagapakamanalagna,1
nagapakasala,1
nagapakita,3
nagapakyas,1
nagapalakaw,2
nagapalibot,1
nagapamahaw,1
nagapamalit,1
nagapamati,1
nagapaminaw,2
nagapamulong,2
nagapamunit,1
nagapamuwak,1
nagapanalangin,1
nagapangagi,1
nagapangatik,1
nagapangilo,1
nagapangisda,1
nagapangita,2
nagapangurog,2
nagapangusap,1
nagapangutana,1
nagapanimalus,3
nagapanlabay,1
nagapas,2
nagapasibug,1
nagapatalinghug,1
nagapatay,2
nagapatubo,1
nagapawala,1
nagapula,2
nagaputli,1
nagaputol,1
nagapuyo,3
nagarkila,1
nagasaagsaag,1
nagasaka,1
>>>>>>> 9dfe370b30e15142589708a5424f55a0604acdbd
nagasakit,1
nagasalibay,1
nagasalig,2
nagasamad,1
nagasamok,1
<<<<<<< HEAD
nagasamporado,2
nagasar,1
nagasaysay,1
nagasidlak,1
nagasiga,1
nagasimhot,1
nagasingabut,1
nagasipilyo,1
nagasirado,1
nagasitorya,1
nagastorya,4
nagasudba,1
nagasudlay,1
nagasugat,1
nagasugo,2
nagasugod,2
nagasulat,6
nagasulob,1
nagasulti,12
nagasunod,1
nagasunog,2
nagasuot,4
nagasuroysuroy,1
nagasuso,1
nagataas,1
nagatabang,4
nagatabon,2
nagatagad,1
nagatago,4
nagatakgos,1
nagatamay,4
nagatambak,1
nagatambong,1
nagatan,1
nagatanaw,6
nagatang,3
nagatanom,1
nagatapul,1
nagatarbaho,4
nagatenis,1
nagatibi,2
nagatigum,2
nagatinda,2
nagatindog,4
nagatog,1
nagatoo,9
nagatrabaho,2
nagatubag,1
nagatubang,6
nagatubo,4
nagatudlo,6
nagatugtog,1
nagatuktok,1
nagatulog,4
nagatuman,1
nagatumbas,1
nagatungtong,1
nagatuo,14
nagatuon,11
nagaturok,1
nagatuyok,3
nagauban,2
nagaulan,3
nagauna,3
nagaungaw,1
nagausab,1
nagautut,2
nagauwang,1
nagauyon,1
nagawit,3
nagbabag,1
nagbaday,1
nagbadlong,2
nagbago,2
nagbagting,1
nagbagulbol,1
nagbaha,2
nagbahisbahis,2
nagbakasyon,2
nagbakho,2
nagbaklay,2
nagbaktas,1
nagbalaan,1
nagbalata,1
nagbalhin,1
nagbaligya,2
nagbangka,1
nagbangotan,3
nagbangutan,2
nagbanhaw,3
nagbanhig,1
nagbansay,1
nagbantay,10
nagbasa,12
nagbasok,1
nagbasol,2
nagbasul,1
nagbatasan,1
nagbato,1
nagbaton,1
nagbayad,5
nagbayang,2
nagbeyk,3
nagbid,1
nagbilar,1
nagbilin,5
nagbinarat,1
nagbinuang,1
nagbitay,5
nagbitbit,1
nagbiyahe,6
nagboto,1
nagbuak,1
nagbubo,1
nagbudhi,1
nagbuhat,73
nagbuhatb,1
nagbukal,1
nagbukas,3
nagbulag,3
nagbundak,1
nagbuot,1
nagbuotbuot,4
nagbutang,8
nagbyirnissantu,2
nagcircuncidar,1
nagdagan,8
nagdagdag,1
nagdaghan,2
nagdaginot,1
nagdagmal,3
nagdahan,2
nagdahom,12
nagdahunog,1
nagdako,5
nagdala,28
nagdalag,2
nagdali,4
nagdalidali,1
nagdamgo,9
nagdanag,1
nagdani,1
nagdaog,2
nagdaot,4
nagdawat,1
nagdeklara,1
nagdepensa,1
nagdesisyon,4
nagdilaab,1
nagdili,2
nagdrayb,1
nagdroga,1
nagduda,2
nagdugang,1
nagdugay,7
nagdugmok,1
nagdugo,1
nagduha,1
nagduhaduha,3
nagdula,6
nagdumili,7
nagdumot,2
nagdunggab,2
nagduso,2
nagdutsa,1
nagduwa,1
nagedad,2
nageksperimento,2
nagembalsamar,1
nageskuyla,1
nageskwela,3
nagestar,1
naggaling,2
naggama,1
naggamat,2
naggambalay,1
naggamit,2
naggamu,2
naggamul,2
naggawi,2
naggiajan,1
naggikan,2
naggilok,2
naggimata,2
naggitara,1
naggiya,1
nagguba,1
naggubot,2
naggukod,2
naggunitay,1
nagguol,1
nagguyod,1
naghagal,1
naghagit,2
naghagok,2
naghahangaan,1
naghalad,6
naghalay,1
naghalin,1
naghaling,1
naghampak,1
naghana,1
naghandom,1
naghandum,1
naghari,3
naghatag,45
naghawid,2
naghigda,5
naghikay,6
naghikog,1
naghilak,12
naghilom,1
naghilum,1
naghimamat,1
naghimo,58
naghimog,1
naghinambog,8
naghinamhinam,2
naghinaot,1
naghingalan,2
naghinunghungay,1
naghisgot,4
naghisgut,1
naghiuna,1
naghiusa,2
naghiwasa,1
naghubit,1
naghubo,4
naghugas,1
naghukas,1
naghukom,1
naghulagway,1
naghulat,23
naghulga,3
naghulog,1
naghunahuna,15
naghupot,1
naghuwat,6
nagihap,1
nagihaw,2
nagilis,1
nagimata,1
nagimbestiga,1
naginarte,1
nagingles,1
nagingon,52
nagingonbisan,1
nagingun,1
naginistoryahanay,3
naginit,1
naginom,8
naginusa,2
naginusara,19
nagispageti,1
nagistorya,2
nagistoryahanay,3
nagistudyo,1
nagisyu,1
nagka,2
nagkaalarma,2
nagkaasakit,1
nagkabayo,1
nagkabuang,2
nagkadaghan,1
nagkadako,3
nagkadasmag,2
nagkaduol,1
nagkagamay,5
nagkagusto,1
nagkahaduol,3
nagkahiduol,1
nagkahigayon,1
nagkahinay,1
nagkahiusa,1
nagkahuloh,1
nagkahulugan,1
nagkahushos,2
nagkaila,5
nagkalain,1
nagkalainlain,3
nagkalainlaing,5
nagkalat,1
nagkalesa,1
nagkalisod,1
nagkalot,1
nagkamali,2
nagkambyo,1
nagkanayon,1
nagkanon,1
nagkanta,2
nagkantidad,1
nagkaon,15
nagkapabuntis,2
nagkapareho,1
nagkapariha,2
nagkape,1
nagkapulik,1
nagkasabut,1
nagkasagol,1
nagkasakit,3
nagkasinabot,2
nagkasinabtanay,1
nagkatawa,1
nagkatigulang,1
nagkaton,2
nagkaun,1
nagkaunod,1
nagkauyab,1
nagkawat,1
nagkayamokat,2
nagkayat,1
nagkaylap,1
nagkilaw,1
nagkilawin,1
nagkinahanglan,2
nagkinamot,1
nagkinatawanay,1
nagkiskis,1
nagkita,5
nagklasipikar,1
nagkombinar,1
nagkonektang,1
nagkonektar,1
nagkontra,1
nagkuha,15
nagkulambo,1
nagkumkom,1
nagkuniskunis,1
nagkuskos,7
nagkuskus,2
nagkusog,2
nagkuyog,1
naglabay,1
naglaga,1
naglaglag,1
naglagut,1
naglakat,1
naglakaw,19
naglakawlakaw,1
naglakip,9
naglalis,2
naglanganlangan,1
naglangaylangay,1
naglangkob,17
naglangog,2
naglangoy,1
naglantaw,1
naglantugi,1
naglaraw,1
naglaum,1
naglaway,2
naglawig,1
naglibog,4
naglibot,5
naglibotlibot,1
naglibut,1
nagligid,1
nagligidligid,1
nagligsan,1
naglihok,4
naglikay,29
naglimbong,4
naglingkod,11
naglipay,1
naglisod,3
naglista,1
naglisud,3
naglockdown,1
naglubog,1
naglugaw,1
naglungag,1
naglunsad,1
naglupad,1
naglutaw,1
nagluto,16
naglutog,2
nagluwa,1
nagluwas,5
nagmabuhi,1
nagmabungaon,1
nagmaghuhukom,3
nagmahal,1
nagmahay,2
nagmalalison,1
nagmando,2
nagmapuanguron,1
nagmasakit,1
nagmasakiton,1
nagmaskara,1
nagmasukihon,1
nagmata,6
nagminatay,4
nagmisyon,1
nagmugma,1
nagmugna,7
nagmugot,2
nagmukmok,2
nagnasayop,1
nagno,1
nagnong,1
nagokupar,1
nagorden,1
nagorder,2
nagpa,2
nagpaabot,2
nagpaadto,5
nagpaanhi,1
nagpaas,1
nagpaatikatik,1
nagpabaga,2
nagpabilin,15
nagpabiling,1
nagpabuntis,2
nagpacircuncidar,1
nagpadagan,1
nagpadaghan,3
nagpadako,9
nagpadakudaku,1
nagpadala,13
nagpadali,2
nagpadayag,2
nagpadayandayan,1
nagpadayon,13
nagpadulong,1
nagpagabii,2
nagpagahi,4
nagpagarbo,2
nagpagawas,1
nagpagubut,2
nagpagula,4
nagpaguol,1
nagpahaluna,2
nagpahamangno,1
nagpahamtang,2
nagpahamutang,3
nagpahataas,1
nagpahayad,1
nagpahayag,5
nagpahibalo,4
nagpahibawo,2
nagpahid,1
nagpahigawas,1
nagpahigayon,4
nagpahigayun,1
nagpahimo,1
nagpahimulos,1
=======
nagasiga,1
nagastorya,1
nagasugo,1
nagasugod,1
nagasuhol,2
nagasulob,1
nagasulti,7
nagasunog,1
nagasuot,3
nagatabon,4
nagatagad,1
nagatago,2
nagatakgos,1
nagatanaw,3
nagatang,1
nagatarbaho,1
nagatigum,2
nagatoo,6
nagatubo,1
nagatubod,1
nagatudlo,1
nagatuo,3
nagatuon,2
nagatuyok,1
nagauna,1
nagauyon,1
nagawit,1
nagbaday,1
nagbagulbol,2
nagbakho,1
nagbaligya,1
nagbalikbalik,1
nagbantay,2
nagbasa,4
nagbasol,1
nagbato,1
nagbayad,1
nagbilin,1
nagbitay,1
nagbuak,1
nagbuang,1
nagbuhat,20
nagbulag,1
nagbuotbuot,1
nagbyirnissantu,1
nagcircuncidar,1
nagcomment,1
nagdagan,2
nagdagmal,2
nagdahom,3
nagdala,2
nagdali,2
nagdaot,3
nagdugay,3
nagduhaduha,2
nagdula,2
nagdumili,2
nagdumot,1
nagduso,2
nagedad,1
naggaling,1
naggamul,1
naggikan,2
naggitara,1
nagguba,2
naggukod,1
naggunitay,1
nagguyod,1
naghalad,2
naghatag,17
naghawid,1
naghigda,1
naghikay,2
naghilak,2
naghilum,1
naghimamat,1
naghimo,11
naghinambog,1
naghingalan,1
naghulat,3
naghulga,1
naghunahuna,1
naghuwat,2
nagihap,1
nagihaw,1
nagimbestiga,1
nagingon,18
nagingun,1
naginom,1
naginusara,6
nagistoryahanay,1
nagkaalarma,1
nagkadaiyang,1
nagkadako,1
nagkagusto,1
nagkahushos,1
nagkaila,1
nagkalainlain,3
nagkalainlaing,1
nagkalat,1
nagkalot,1
nagkambyo,1
nagkampanya,1
nagkanta,1
nagkantidad,1
nagkaon,4
nagkapabuntis,1
nagkapulik,1
nagkasakit,1
nagkatapok,1
nagkatawa,1
nagkaun,1
nagkinahanglan,1
nagkita,2
nagkonektang,1
nagkontra,1
nagkuha,4
nagkuskos,2
naglakaw,5
naglakip,8
naglalis,1
naglangkob,3
naglangog,1
naglangoy,1
naglaum,1
naglibog,2
naglibot,3
naglibut,1
naglihok,1
naglikay,9
naglingkod,2
naglisod,3
naglista,1
naglisud,1
naglockdown,1
naglubog,1
naglungtad,1
naglunsad,1
naglupad,1
nagluto,7
nagluwa,1
nagluwas,2
nagmaghuhukom,1
nagmando,1
nagmata,1
nagminatay,2
nagmisyon,1
nagnasayop,1
nagnong,1
nagpaabot,1
nagpaadto,2
nagpaalagad,1
nagpabilin,7
nagpabiling,1
nagpadaghan,1
nagpadako,3
nagpadala,1
nagpadali,1
nagpadayag,1
nagpadayon,4
nagpagaan,1
nagpagahi,3
nagpagawas,1
nagpagula,2
nagpagulag,2
nagpahamangno,1
nagpahamutang,1
nagpahayag,3
nagpahid,1
>>>>>>> 9dfe370b30e15142589708a5424f55a0604acdbd
nagpahimutang,1
nagpahinabo,1
nagpahisalaag,1
nagpahiyom,1
<<<<<<< HEAD
nagpahuway,1
nagpaila,4
nagpailub,1
nagpaimportante,2
nagpainit,1
nagpakaaranaran,1
nagpakaaroningnon,3
nagpakabana,2
nagpakaboss,1
nagpakabright,10
nagpakabuang,2
nagpakabugoy,3
nagpakaburikat,1
nagpakabutabuta,1
nagpakadako,4
nagpakahilas,1
nagpakahilum,2
nagpakahumok,1
nagpakaimportant,1
nagpakaimportante,6
nagpakalat,1
nagpakamaayo,2
nagpakamatay,3
nagpakanindot,1
nagpakaon,2
nagpakapobre,2
nagpakasikat,1
nagpakataka,1
nagpakatawa,1
nagpakauwaw,2
nagpakighilawas,1
nagpakiglalis,3
nagpakiglayog,1
nagpakilimos,1
nagpakilooy,1
nagpakita,14
nagpakitang,1
nagpakuha,1
nagpakulo,1
nagpalaban,20
nagpalabaw,2
nagpalabay,1
nagpalagpot,1
nagpalahi,3
nagpalambo,2
nagpaletrato,1
nagpaligon,1
nagpalikay,1
nagpalista,1
nagpalit,7
nagpalitaw,1
nagpalusot,2
nagpaluya,1
nagpaluyo,2
nagpamatuod,3
nagpamiyuos,1
nagpampam,4
nagpana,1
nagpanabi,1
nagpanalangin,2
nagpanalipod,1
nagpanaway,1
nagpandesal,1
nagpangaliyupo,1
nagpanggahit,1
nagpanghatag,1
nagpanghilak,1
nagpangidlap,1
nagpangita,1
nagpangitag,1
nagpangitlog,1
nagpanigarilyo,1
nagpanombag,2
nagpanudlo,1
nagpapas,1
nagpapatay,2
nagpapranses,1
nagpaputli,1
nagpares,1
nagpartisipar,1
nagpasa,1
nagpasabut,1
nagpasagad,6
nagpasakop,1
nagpasalamat,2
nagpasalig,9
nagpasan,1
nagpasaylo,1
nagpasibsib,1
nagpasidaan,3
nagpasidungog,2
nagpasikat,1
nagpasipala,1
nagpasiugda,5
nagpasugo,4
nagpataas,1
nagpataka,41
nagpatalinghug,8
nagpatanaw,2
nagpatapot,2
nagpatawag,5
nagpatay,24
nagpatiga,1
nagpatigbabaw,1
nagpatigum,1
nagpatik,1
nagpatimaan,1
nagpatindog,3
nagpatongpatong,2
nagpatugtog,2
nagpatulogtulog,1
nagpatuman,1
nagpatungha,1
nagpaturok,2
nagpatuyang,10
nagpaulipon,1
nagpauwaw,2
nagpili,10
nagpilit,3
nagpinig,1
nagpinta,1
nagpintal,1
nagpintura,2
nagpitsa,1
nagplano,3
nagplate,1
nagpositibo,3
nagpreserbar,1
nagpriprito,1
nagprotektar,1
nagprotrude,1
nagpuasa,1
nagpugas,1
nagpugong,1
nagpugos,1
nagpundo,4
nagpundokpundok,1
nagpuno,1
nagpunting,2
nagpuspas,1
nagputli,1
nagputok,1
nagputol,1
nagpuyo,105
nagreklamo,2
nagreport,1
nagresulta,2
nagriot,1
nagsaad,3
nagsabay,1
nagsabod,1
nagsagol,2
nagsaka,2
nagsakay,10
nagsakit,3
nagsakop,1
nagsaksi,1
nagsalig,15
nagsalikway,1
nagsamad,1
nagsarapilya,1
nagsaulog,1
nagsawa,1
nagsayaw,1
nagsaysay,1
nagserbisyo,3
nagshawer,1
nagsidlak,1
nagsiga,1
nagsige,1
nagsilbi,2
nagsilbing,4
nagsilong,1
nagsimba,4
nagsingabut,1
nagsinggit,1
nagsinug,1
nagsirit,1
nagskwela,1
nagsubay,1
nagsubo,2
nagsugat,3
nagsugbo,1
nagsugid,1
nagsugilon,6
nagsugo,42
nagsugod,27
nagsugyot,4
nagsukod,1
nagsulat,17
nagsulay,1
nagsulob,9
nagsulputan,1
nagsulti,33
nagsultihanay,1
nagsulting,2
nagsumbag,1
nagsumite,2
nagsundoganay,1
nagsunod,2
nagsuot,2
nagsuporta,4
nagsupot,2
nagsurok,2
nagsuroysuroy,1
nagsusi,1
nagsuwat,1
nagtabang,5
nagtabi,1
nagtabok,1
nagtabon,1
nagtagad,2
nagtagal,1
nagtagbo,1
nagtaghoy,2
nagtago,5
nagtaho,1
nagtakda,1
nagtakuban,1
nagtalop,1
nagtalumpati,1
nagtamay,1
nagtambag,2
nagtan,1
nagtanaw,15
nagtangtang,2
nagtanom,7
nagtanum,3
nagtanyag,1
nagtapad,1
nagtapok,1
nagtapol,1
nagtarbaho,1
nagtartanelya,10
nagtatanelya,1
nagtawag,7
nagtaxi,1
nagtenis,1
nagtental,2
nagtibi,2
nagtigum,1
nagtimaan,1
nagtinabangay,1
nagtinanaway,1
nagtindog,10
nagtingala,1
nagtingog,1
nagtinguha,3
nagtiniil,1
nagtino,1
nagtoo,1
nagtrabaho,10
nagtuaw,2
nagtubag,4
nagtubo,5
nagtudlo,4
nagtugot,2
nagtugyan,9
nagtukmod,2
nagtukod,8
nagtuktok,1
nagtulin,1
nagtuman,1
nagtumar,1
nagtungtong,1
nagtuo,23
nagtuon,29
nagtuong,2
nagtupad,1
nagtuyoktuyok,2
nagtweet,1
naguba,15
naguban,10
nagubot,3
nagugbok,1
nagulan,5
nagulipon,1
naguna,6
nagunang,2
nagundang,1
nagungaw,3
nagunob,1
nagunsa,4
naguol,4
naguso,1
nagustuhan,1
naguswag,2
nagutut,1
naguyog,1
nagviral,1
nagwali,3
nagwitwit,2
nagyahat,1
nagyubit,2
nagyud,1
nahabalhin,1
nahabilin,25
nahabiling,1
nahabulag,1
nahadiindiin,1
nahadlok,40
nahaduol,1
nahagbong,2
nahagmata,1
nahago,1
nahagugma,3
nahakalagiw,1
nahakatulog,1
nahalap,1
nahaliel,1
nahalin,1
nahamulag,1
nahamuot,1
nahamutan,1
nahanumdum,1
naharangan,1
nahari,1
nahasalin,3
nahasol,1
nahasubo,1
nahasulat,3
nahatabo,15
nahatag,1
nahatagan,1
nahataliwala,1
nahatgan,1
nahath,1
nahaum,1
nahauna,19
nahaunang,12
nahawan,1
nahiabut,4
nahiadto,1
nahiagum,2
nahiaguman,1
nahiatbo,1
nahibalan,42
nahibalo,21
nahibaloan,10
nahibanlud,1
nahibato,1
nahibawan,7
nahibawo,1
nahibilian,1
nahibilin,6
nahibulong,1
nahigayon,1
nahigmata,2
nahigugma,10
nahilak,1
nahilambigit,2
nahilig,1
nahilo,1
=======
nagpaila,4
nagpaimportante,1
nagpakabright,3
nagpakabuang,1
nagpakaimportante,1
nagpakalagiw,1
nagpakalat,1
nagpakamatay,1
nagpakaon,1
nagpakatawa,1
nagpakiglalis,1
nagpakita,5
nagpakitambag,1
nagpakitang,1
nagpakuha,1
nagpalaban,7
nagpalahi,2
nagpalambo,1
nagpaligon,2
nagpalit,3
nagpaluyo,1
nagpampam,1
nagpanghatag,1
nagpanghilak,1
nagpangidlap,2
nagpangitag,1
nagpanombag,2
nagpapas,1
nagpartisipar,1
nagpasabut,1
nagpasagad,2
nagpasalamat,1
nagpasalig,1
nagpasan,1
nagpasidaan,1
nagpasiugda,2
nagpasugo,2
nagpataka,8
nagpatawag,1
nagpatay,6
nagpatigbabaw,2
nagpatugtog,1
nagpatulogtulog,1
nagpaturok,1
nagpatuyang,1
nagpili,2
nagpilit,1
nagpriprito,1
nagprotektar,1
nagpugos,1
nagpundo,1
nagpuyo,35
nagreport,1
nagsabay,1
nagsabod,1
nagsaka,1
nagsakay,2
nagsakop,1
nagsalig,1
nagsawa,1
nagshawer,1
nagsidlak,1
nagsilbing,3
nagsimba,1
nagsingabut,1
nagsinina,1
nagstorya,1
nagsubo,1
nagsugat,1
nagsugilon,1
nagsugo,9
nagsugod,6
nagsugyot,1
nagsukod,1
nagsulat,8
nagsulay,1
nagsulti,3
nagsumpaki,1
nagsundoganay,1
nagsunod,1
nagsuot,1
nagsuporta,1
nagsusi,1
nagtabang,1
nagtagbo,1
nagtago,2
nagtalop,1
nagtalumpati,1
nagtanaw,3
nagtanom,3
nagtartanelya,2
nagtaxi,1
nagtenis,1
nagtental,1
nagtigum,1
nagtimaan,1
nagtinagduha,1
nagtindog,1
nagtingala,1
nagtingog,1
nagtino,1
nagtrabaho,1
nagtubag,1
nagtukod,2
nagtumong,1
nagtuo,3
nagtuon,6
nagtuyoktuyok,1
nagtweet,1
naguba,3
naguban,1
nagubot,1
nagulan,2
naguna,1
nagundang,1
nagunob,2
naguol,1
naguswag,1
naguyog,1
nagviral,2
nagwali,1
nagyud,1
nahabilin,12
nahadiindiin,1
nahadlok,7
nahalap,1
nahalin,1
nahasalin,2
nahasubo,1
nahatabo,2
nahatag,1
nahatgan,1
nahaum,1
nahauna,7
nahaunang,4
nahawan,1
nahiabut,2
nahibalan,16
nahibalo,1
nahibaloan,2
nahibawan,3
nahibilin,2
nahibulong,1
nahidangat,2
nahigayon,1
nahigugma,3
>>>>>>> 9dfe370b30e15142589708a5424f55a0604acdbd
nahiloan,1
nahilom,1
nahilukapa,1
<<<<<<< HEAD
nahilum,1
nahimamat,3
nahimo,60
nahimog,2
nahimong,43
nahimulos,2
nahimuot,4
nahimutang,37
nahimutangan,1
nahinabo,4
nahinanok,2
nahingangha,1
nahinog,1
nahinumdom,1
nahinumdoman,6
nahinumdum,11
nahinumduman,2
nahipatik,1
nahipos,1
nahisama,1
nahisangyaw,1
nahisgutan,5
nahisgutang,1
nahisubay,1
nahisulat,7
nahisulod,2
nahisulodgula,1
nahitabo,168
nahitaboan,1
nahitabong,4
nahitungtung,1
nahiuli,1
nahiulian,2
nahiusa,2
nahiuyon,1
nahiwi,1
nahog,6
nahubas,1
nahubog,2
nahugawan,2
nahugno,5
nahugpong,1
nahukman,3
nahulga,1
nahuli,1
nahulog,17
nahuman,33
nahunahunaan,10
nahung,1
nahupay,1
nahuptan,2
nahurot,16
nahutdan,10
nahuyangan,1
naibgan,1
naibog,6
naibugan,1
naibulsa,1
naigo,12
naigu,1
nailalum,1
nailhan,32
nailhang,3
nailhi,1
nailo,1
naimpluwensyahan,2
naingarilyo,1
naingato,1
naingon,1
naipadala,1
naisip,74
naitala,2
naitok,1
najud,1
nakaabot,9
nakaabut,1
nakaadik,1
nakaadto,13
nakaagaw,1
nakaagni,2
nakaandam,2
nakaangay,1
nakaangkon,1
nakaanha,1
nakaapekto,3
nakabadbad,2
nakabagsak,1
nakabalo,14
nakabangga,2
nakabangon,1
nakabara,1
nakabase,1
nakabati,3
nakabawi,1
nakabentilador,1
nakabig,1
nakabiyahe,2
nakabot,2
nakabuak,1
nakabutang,1
nakabyahe,1
nakadakop,6
nakadangat,21
nakadaot,1
nakadapat,2
nakadaug,4
nakadawat,5
nakadayeg,1
nakadesisyon,2
nakadisisyun,1
nakadiskubre,1
nakaduha,2
nakaduingog,1
nakadula,1
nakadungog,29
nakaeskwela,1
nakag,1
nakagahin,1
nakagahum,3
nakagamot,2
nakagawas,2
nakagtamay,1
nakaguba,1
nakagusbat,1
nakagusto,5
nakahanay,1
nakahatag,2
nakahatsing,1
nakahaya,2
nakahiagom,1
nakahibalo,15
nakahilak,5
nakahimo,4
nakahimoot,1
nakahinapos,1
nakahinumdom,4
nakahinumdum,1
nakahipus,1
nakahuhahuna,1
nakahukom,5
nakahuman,2
nakahunahuna,3
nakaigit,2
nakaikyas,4
nakaila,21
nakaimpluwensya,1
nakaingon,3
nakaipon,1
nakakalagiw,1
nakakanat,2
nakakandado,2
nakakanddado,1
nakakaon,6
nakakaplag,8
nakakaton,1
nakakawit,1
nakakimono,1
nakakita,49
nakakitag,2
nakakonek,1
nakakuha,4
nakakulong,1
nakalabad,1
nakalabang,1
nakalabay,4
nakalagapan,1
nakalaglag,1
nakalahutay,1
nakalakaw,3
nakalampos,2
nakalapas,1
nakalimot,16
nakalimtan,6
nakalingkawas,1
nakalingkod,2
nakalinya,2
nakalipay,1
nakalista,4
nakaluhod,1
nakaluto,1
nakaluwas,1
nakamaayo,1
nakamata,4
nakamatay,4
nakamori,1
nakamotor,1
nakamugna,2
nakansela,1
nakaon,2
nakapaabut,1
nakapaalarma,1
nakapabasul,1
nakapagehersisyo,1
nakapagesperanto,1
nakapaguol,1
nakapahamuot,2
nakapahawa,1
nakapahimuot,6
nakapahulay,1
nakapakasal,2
nakapalda,1
nakapalibot,1
nakapalit,1
nakapalong,1
nakapaluyo,1
nakapamahawa,1
nakapamata,1
nakapamulong,2
nakapanagiya,2
nakapangbabaye,1
nakapanghupaw,2
nakapangisda,1
nakapangita,1
nakapanimaho,1
nakapansin,1
nakapasa,1
nakapasalida,1
nakapasamot,1
nakapasar,1
nakapasubo,2
nakapasuko,1
nakapatay,12
nakapatindog,1
nakapausab,1
nakapito,1
nakapiyong,1
nakaplagan,4
nakaplagang,2
nakapoy,2
nakapugong,1
nakapukaw,1
nakapunit,1
nakapunting,1
nakaputi,1
nakapuyo,14
nakaratay,1
nakarehistro,1
nakareserba,1
nakasabit,3
nakasabot,9
nakasabut,3
nakasakay,3
nakasakop,1
nakasakup,1
nakasala,10
nakasalig,2
nakasamad,2
nakasigurado,2
nakasiguro,1
nakasimhot,1
nakasinati,4
nakasout,1
nakasugat,1
nakasukol,1
nakasulat,6
nakasulob,2
nakasulod,2
nakasulti,1
nakasungay,1
nakasuot,2
nakasuroy,1
nakasusi,1
nakataas,1
nakatabang,2
nakatabok,1
nakatagad,1
nakatagbo,3
nakatago,1
nakatala,3
nakatalikod,1
nakatanaw,1
nakatanggal,1
nakatanum,2
nakatapus,1
nakatarungan,1
nakatawa,1
nakatilaw,1
nakatilawan,2
nakatindog,3
nakatira,1
nakatiwangwang,2
nakatog,1
nakatolo,2
nakatonan,1
nakatren,1
nakatubag,1
nakatubo,1
nakatudlo,1
nakatukod,4
nakatulog,15
nakatultol,1
nakatundan,1
nakatuod,1
nakatuon,1
nakauban,2
nakauli,2
nakawala,1
nakawat,1
nakay,2
nakaylap,1
nakigambit,1
nakigamigo,1
nakigaway,3
nakigbugtiay,1
nakigdait,1
nakigdula,1
nakiggubat,3
nakighibalag,2
nakighilawas,1
nakighinabi,1
nakigistoryahanay,1
nakigkita,4
nakiglantugi,1
nakigsulti,11
=======
nahilusad,1
nahimamat,1
nahimo,22
nahimog,2
nahimong,10
nahimuot,1
nahimutang,6
nahimutangan,1
nahinabo,2
nahinanok,1
nahingangha,1
nahisalig,1
nahisgutan,3
nahisgutang,1
nahisulat,1
nahisulod,1
nahitabo,42
nahiulian,1
nahiuyon,1
nahiwi,1
nahog,1
nahugawan,1
nahugno,2
nahukman,2
nahulga,1
nahulog,4
nahuman,8
nahunahunaan,1
nahuptan,1
nahurot,3
nahutdan,4
nahuyangan,1
naibugan,1
naigo,2
nailhan,10
naipadala,1
naisip,14
naitala,1
nakaabot,4
nakaadto,1
nakaambit,1
nakaandam,1
nakaangkon,2
nakabadbad,1
nakabalo,5
nakabangga,1
nakabangon,1
nakabantay,1
nakabara,1
nakabase,1
nakabati,1
nakabawi,1
nakabig,1
nakabitay,1
nakadangat,6
nakadapat,1
nakadawat,3
nakadayeg,1
nakadesisyon,1
nakadisisyun,1
nakadiskobre,1
nakaduha,1
nakadungog,6
nakaeskwela,1
nakagahum,2
nakagamot,1
nakagat,1
nakagusbat,1
nakahanay,1
nakahatag,2
nakahibalo,5
nakahilak,3
nakahimo,2
nakahukom,2
nakahuman,1
nakaigit,1
nakaikyas,1
nakaila,10
nakaimpluwensya,1
nakaingon,1
nakakanat,1
nakakandado,2
nakakanddado,1
nakakaplag,2
nakakaton,1
nakakawit,1
nakakimono,1
nakakita,6
nakalabad,1
nakalabay,1
nakalakaw,2
nakalimot,3
nakalimtan,2
nakalista,4
nakaluto,1
nakamaayo,1
nakamata,2
nakamatay,1
nakamotor,1
nakamugna,1
nakaon,2
nakapaabut,1
nakapaarang,1
nakapahawa,1
nakapahimuot,3
nakapakasal,2
nakapalibot,1
nakapalong,1
nakapamahawa,1
nakapatay,1
nakapausab,1
nakaplagan,1
nakapuyo,3
nakareserba,1
nakasabit,1
nakasabot,2
nakasabut,1
nakasakay,1
nakasaksi,1
nakasala,3
nakasalig,1
nakasiguro,1
nakasinati,1
nakasulat,1
nakasulod,1
nakasulti,2
nakasuot,1
nakatabang,1
nakatago,1
nakatanum,1
nakatarungan,1
nakatawa,1
nakatiwangwang,1
nakatolo,2
nakatulog,1
nakauban,1
nakigbugtiay,1
nakigdula,1
nakigkita,1
nakigsulti,2
>>>>>>> 9dfe370b30e15142589708a5424f55a0604acdbd
nakiguban,1
nakilala,1
nakilingkod,1
nakipagistorya,1
<<<<<<< HEAD
nakipagkamayan,1
nakipaglamano,1
nakipuyo,1
nakitan,127
nakitang,6
naklaro,1
nakobisan,1
nakog,23
nakolekta,3
nakombikto,1
nakonbikto,1
nakong,30
nakoog,1
nakowala,2
nakoy,6
nakpuyo,1
nakugaan,1
nakuha,22
nakuhaan,4
nakuhang,2
nakulang,2
nakulangan,1
nakulbaan,2
nakumbikto,1
nakumpirma,1
nakumpiskar,1
nakurat,1
nakuryentihan,2
nakuyapan,1
nakuyawan,5
nakuyawanko,1
nalagablab,2
nalaglag,2
nalahi,2
nalakaw,1
nalakip,1
nalalaman,1
nalamian,2
nalanay,1
nalangan,2
nalanggam,1
nalangkat,1
nalangkit,1
nalantaw,1
nalantawan,1
nalarag,1
nalata,2
nalatayan,1
nalawos,2
naleak,1
nalibang,1
nalibog,6
naligid,2
naligiran,1
naligo,4
naligsan,2
naligutgut,1
nalimbuwad,1
nalimot,1
nalimtan,8
nalingaw,3
nalipat,1
nalipay,25
nalipong,2
nalisdan,3
nalista,4
nalistang,3
nalisudan,1
nalooy,1
nalubog,1
nalugsan,1
nalumos,4
nalunod,3
nalupyak,1
naluwas,4
naluya,1
namahaw,6
namahawa,1
namakak,14
namala,3
namalakpak,3
namalansa,1
namalengke,1
namali,3
namaligya,5
namalik,5
namalikas,1
namalit,18
namalitogbalanghoy,1
namangak,1
namangha,1
namasol,2
namatay,387
namatayng,1
namathan,1
namati,7
namatikdan,2
namatyan,1
namauli,3
namay,2
namaypay,1
nameligro,20
nameligrong,1
namili,2
naminaw,15
naminyo,2
namista,2
namog,1
namon,8
namong,6
namuga,2
namugna,1
namugnaw,4
namula,6
namulak,1
namulok,1
namulong,12
namumulok,1
namunga,1
namunit,1
namuno,1
namusit,1
namutla,1
namutong,1
namuwak,1
namuyod,1
nanagalagad,2
nanagatbang,1
nanagawit,2
nanagbagulbol,3
nanagbakak,1
nanagbalata,4
nanagbalhin,1
nanagbarug,1
nanagbihihi,1
nanagbingat,1
nanagbitbit,1
nanagbuhat,3
nanagbulag,2
nanagbusog,1
nanagdakop,1
nanagdala,6
nanagdalayeg,1
nanagdamgo,1
nanagdangoyngoy,1
nanagduko,1
nanagdumot,2
nanaghalad,3
nanaghapa,1
nanaghari,1
nanaghimo,1
nanaghimog,2
nanaghinigugmaay,1
nanaghinlo,1
nanaghiusa,1
nanaghoni,1
nanaghulongihong,1
nanagibut,1
nanagingon,30
nanagingting,2
nanaginusara,1
nanagisip,1
nanagiya,1
nanagkalipay,2
nanagkalot,2
nanagkamang,2
nanagkaon,1
nanagkurog,1
nanaglaraw,2
nanaglibod,1
nanaglubong,2
nanaglugsong,1
nanagluib,2
nanaglupad,1
nanagmasakit,1
nanagmasukihon,1
nanagminatay,2
nanagpaabugho,1
nanagpadayon,1
nanagpahaluna,1
nanagpahamutang,1
nanagpahimutang,1
nanagpakadungog,2
nanagpakakita,1
nanagpakapatay,1
nanagpakasala,2
nanagpakigaway,2
nanagpalagut,2
nanagpamalik,1
nanagpangadto,2
nanagpangagi,1
nanagpangalagiw,1
nanagpanggula,3
nanagpanghilak,3
nanagpangutana,1
nanagpanindog,1
nanagpanlakaw,3
nanagpanubag,2
nanagpanulis,2
nanagpanulod,1
nanagpanuol,2
nanagpasuko,1
nanagpatay,1
nanagpatindog,1
nanagpugas,1
nanagputol,1
nanagpuyo,6
nanagsabut,2
nanagsabutsabut,1
nanagsalig,1
nanagsamad,1
nanagsinggit,3
nanagsugilon,1
nanagsugod,1
=======
nakitan,35
nakitang,2
nakog,7
nakolekta,1
nakombikto,1
nakong,5
nakoronahan,1
nakowala,2
nakpuyo,1
nakuha,12
nakuhaan,1
nakuhang,1
nakulangan,1
nakumbinser,1
nakumpirma,2
nakuyawan,3
nalahi,2
nalanay,1
nalangkit,1
nalata,1
nalibang,1
nalibog,1
nalipay,4
nalipong,1
nalista,1
nalisudan,1
nalumos,1
nalunod,1
naluwas,1
namahaw,2
namalik,1
namalit,4
namangak,1
namarkahan,1
namatay,79
namati,1
namatikdan,1
namauli,1
nameligro,20
nameligrong,1
namili,1
naminaw,3
namon,2
namong,1
namugna,1
namula,1
namulong,3
namulupyo,2
namunga,1
nanagbalata,1
nanagbalhin,1
nanagbaton,1
nanagbihihi,1
nanagbingat,1
nanagbuhat,2
nanagdala,1
nanagdangoyngoy,1
nanagduko,1
nanaghalad,1
nanaghimo,1
nanagibut,1
nanagingon,12
nanagingting,1
nanagiya,1
nanagkalipay,1
nanagkalot,1
nanagkamang,1
nanaglibod,1
nanaglupad,1
nanagmasakit,1
nanagminatay,1
nanagpagula,1
nanagpakigaway,1
nanagpalagut,1
nanagpangadto,1
nanagpanghilak,1
nanagpanulis,1
nanagpuyo,4
nanagsinggit,1
>>>>>>> 9dfe370b30e15142589708a5424f55a0604acdbd
nanagsulob,1
nanagsulti,5
nanagsunog,1
nanagtabyog,1
<<<<<<< HEAD
nanagtagbo,1
nanagtagna,1
nanagtamay,1
nanagtawag,1
nanagtigum,4
nanagtindog,5
nanagtubo,1
nanagtukod,1
nanagtunob,1
nanagungad,1
nanagyayong,1
nanalagan,1
nanalangin,2
nanalipod,2
nanamin,1
nanamkon,15
nananaw,1
nananghid,3
nanaog,1
nanarbaho,4
nanaug,4
nanawag,1
nanawagan,3
nanayaw,2
nandaot,1
nang,66
nangaabli,1
nangaayo,2
nangabaho,1
nangaboang,1
nangabugho,2
nangabuka,1
nangabusog,1
nangabut,9
nangadala,1
nangadto,17
nangadunot,1
nangagi,3
nangaging,2
nangaguol,1
nangahadlok,4
nangahilis,1
nangahimo,1
nangahimong,3
nangahinlo,1
nangahulog,2
nangako,1
nangalagiw,10
nangalakaw,1
nangalata,1
nangalibog,2
nangalibug,1
nangaligo,1
nangalimyon,1
nangalipay,2
nangalisang,1
nangaliya,2
nangaliyupo,3
nangamatay,65
nangaminyo,2
nangamuyo,4
nanganak,34
nanganaug,1
nangandoy,8
nanganhi,1
nangaon,15
nangapangos,1
nangape,3
nangapukan,5
nangapula,2
nangaputli,1
nangasaag,1
nangasawa,9
nangasuko,1
nangatarungan,3
nangatawo,6
nangatik,4
nangatol,2
nangatudlo,1
nangatulog,4
nangaulaw,1
nangawala,5
nangawas,1
nangawat,3
nangayam,1
nangayo,10
nangayog,1
nanggawas,2
nanggula,14
nanghangyo,1
nanghapdos,2
nanghibalo,6
nanghibilin,1
nanghilugsong,1
nanghimungot,1
nanghinlo,1
nanghitingala,1
nanghiuna,1
nanghiunlod,1
nangholdap,1
nanghugas,1
nanghulam,1
nanghunong,2
nanghupaw,5
nanghupong,1
nangihi,2
nangiladan,1
nangimbita,1
nanginabuhi,1
nanginahanglag,1
nanginahanglan,9
nanginum,3
nangirig,1
nangisda,3
nangisog,1
nangita,16
nangitag,3
nangitlog,2
nangjta,1
nangka,3
nangkaon,2
nanglakaw,2
nanglimbawot,1
nanglimos,1
nanglimpyo,3
nanglingkod,7
nangluspad,1
nangomusta,2
nangpakilooy,1
nanguha,2
nanguna,7
nangunang,1
nangusog,1
nangutana,23
nangutlo,1
nanigarilyo,1
nanigulang,1
naniguro,2
nanihanglan,2
nanihapon,10
nanimaho,1
nanimalus,1
nanimuyo,1
naninda,2
nanindog,1
naninggit,1
naningil,1
naningkamot,2
naninguha,4
naniudto,6
naniuodto,1
nanlakaw,1
nanlimbawot,1
nanlugsong,2
nanuba,1
nanudlay,1
nanudlo,1
nanugilon,1
nanugpa,2
nanuktok,2
nanulis,1
nanulod,2
nanumpa,6
nanungas,3
nanurok,1
nanuroy,1
nanyampo,1
naobserbahan,1
naog,2
napabahay,1
napabilin,1
napahaduol,1
napahaluna,1
napahisalaag,1
napaingon,3
napakog,1
napakuratan,1
napakyas,6
napalaw,2
napalgan,2
napalgang,2
napalit,3
napamatudan,1
napamatudnga,1
napanagiya,1
napanalipdan,1
napangutana,2
napanhutan,1
napanimahuan,1
napansin,1
napanunod,2
napapas,1
napasakaan,1
napasiguli,1
napatay,61
napatulog,1
napikal,2
napikas,1
napildeng,1
napildi,4
napilian,2
napirmahan,1
napod,1
napoleoniko,1
naporma,1
napriso,2
napud,10
napugnan,2
napugos,2
napula,1
napulo,90
napulog,5
napulogduha,3
napulogwalo,1
napungot,1
napuno,20
napusil,1
naputi,1
naputlan,1
naputol,3
naputos,1
napuyo,2
narangha,1
narcopoliticians,1
narekober,1
nasaag,2
nasabta,1
nasabtan,14
nasad,2
nasakit,8
nasakitan,4
nasakpan,8
nasaksihan,1
nasalba,1
nasamad,4
nasamaran,3
nasamdan,13
nasamok,1
nasamokan,1
nasangpit,2
nasayaop,1
nasayod,14
nasayop,3
nasaypan,1
nasayran,5
nasayud,22
nasayup,4
nashingitan,1
nasigingon,1
nasikohan,1
nasikuhan,2
nasilag,2
nasimot,1
nasina,2
nasinati,3
nasino,1
nasipyat,1
nasod,11
nasubad,1
nasubaybayan,1
nasubo,4
nasud,118
nasudnon,1
nasudnong,4
nasugan,1
nasugatan,3
nasugyot,1
nasuko,39
nasulat,3
nasulayan,1
nasulti,2
nasulting,1
nasunog,5
nasura,1
nasuta,5
nasuwat,1
nasuya,2
nasyonal,1
nasyonalismo,1
natabang,1
natabok,1
natabonan,1
natabuna,1
natabunan,8
natad,2
natagaan,1
natagak,1
natagakan,1
natagbaw,1
natagbo,1
natago,1
nataho,2
natahu,1
natakdag,1
natakdan,1
natala,5
natalang,1
natamakan,1
natanaw,1
natanggal,1
natanggong,1
natanom,2
natao,2
natapos,4
natapulan,1
natapunogan,2
natapus,5
nataran,6
natarong,1
natartanelya,1
natawag,1
natawhan,17
natawhang,2
natawo,19
natawohan,2
natayog,6
nathanias,1
natigom,2
natigulang,1
natilawan,2
natingala,10
natipon,1
natog,4
natomng,1
naton,3
natong,5
natorpe,1
natudlo,3
natudlong,2
natudluan,1
natug,1
natugob,1
natukan,2
natukib,1
natukiban,1
natukmod,1
natukod,3
natulog,23
natuman,5
natumba,2
natumbahan,1
natumbang,1
natumpagan,1
natunan,4
natunon,1
natunong,1
naturalista,1
natutong,1
naug,1
naugdaw,4
naughan,1
naugmad,1
naula,1
naulahi,5
naulahing,1
naulaw,6
nauli,1
naulian,1
naulipon,7
naumod,1
naumol,1
nauna,5
naunsa,8
naupaw,2
naupawan,4
nausab,1
nausisa,1
nautang,1
nauyunan,1
navaja,1
nawadag,1
nawadan,16
nawagtang,3
nawala,40
nawalaan,1
nawalan,4
nawn,1
nawng,1
nawong,89
nawung,1
nayabo,2
nayagyag,3
nayn,2
nayon,2
nazareo,3
nazaretnon,1
ncmh,2
nechao,2
necrological,1
negatibo,1
negosyante,4
negosyo,10
negrina,1
negrosensis,1
negrospanay,1
nemuel,3
nenwe,1
nepeg,1
nepheg,1
nephtali,15
neptali,2
nerbo,1
nerria,2
nesia,1
nesib,1
nestpr,1
nethanias,2
netibo,1
netopha,1
netophathnon,1
neube,1
nfga,2
ng,53
ngabil,12
ngadto,361
ngadtong,1
ngakasagaran,1
ngalan,159
ngamolangoy,1
nganaay,1
nganga,1
nganha,12
nganhi,13
ngani,9
ngano,112
nganong,193
nganonong,1
nganpong,1
nganung,3
ngari,5
ngaridali,1
ngasa,1
ngasinunog,1
ngatanan,9
ngilad,3
ngilit,5
ngilngig,2
ngipon,20
ngitngit,13
ngitngita,1
ngiwngiw,2
ngkita,1
ngna,1
ngplano,1
ngprito,1
ngsulob,1
ni,2833
niaabut,1
niabot,38
niadto,55
niadtong,234
niagayay,1
niagi,14
niaging,15
nialabay,1
nialisngaw,1
niambak,2
niana,110
nianang,16
niandar,3
niangkon,1
niapaw,1
niapil,3
niari,1
niarte,1
niato,1
nibaha,1
nibakod,2
nibalhin,4
nibalihin,1
nibalik,10
nibisa,1
nibisita,2
nibiya,3
niboto,1
nibuhat,1
nibuhi,1
nibukhad,1
nibundak,2
nibuto,2
nibyahe,1
nidagan,6
nidagom,1
nidako,3
nidaog,4
nidawat,2
nideretso,1
nidesisyon,1
nidiretso,1
niduaw,1
niduol,1
nierra,1
nigakos,1
nigamit,1
nigana,1
nigawas,11
nigikan,1
niginhawa,2
nigosyu,2
nigrorum,1
nihagok,1
nihalok,1
nihanglan,1
nihapak,1
nihawa,8
nihigda,2
nihilak,8
nihimo,2
nihit,1
nihulma,1
nihungong,1
nihunong,14
nihupa,1
niigang,1
niingon,3
niini,489
niining,232
niinit,1
niino,1
niinom,7
niistorya,1
nijmengen,1
nikaaon,1
nikabat,1
nikalat,1
nikalit,6
nikanta,6
nikaon,57
nikatawa,2
nikatkat,4
nikidhat,1
nikiling,1
nikislap,1
nikotina,1
nikuha,7
nikupras,1
nikusog,1
nilabay,10
nilabhan,2
nilag,1
nilaga,5
nilagang,2
nilagat,2
nilakaw,12
nilambo,1
nilangoy,1
nilangyaw,2
nilarga,2
nilatang,2
nilatay,1
niligon,1
nilihok,2
nilingkod,11
nilugsong,1
niluhod,1
nilukso,1
nilungag,1
nilupad,5
nilupak,5
nilusot,1
niluto,1
nimata,6
nimfa,1
nimog,7
nimogihigugma,1
nimokanon,1
nimong,29
nimosila,1
nimu,4
ninaog,2
nindot,54
nindut,1
ningabut,1
ninganhi,1
ningapil,1
ningbagting,1
ningbalibad,1
ningbalik,3
ningbiyahe,1
ningbusikad,1
ningdagan,3
ningdaghan,1
ningdako,1
ningdili,1
ningduaw,1
ningduol,1
ninggawas,3
ninghadlang,1
ninghilak,1
ninghilom,1
ningisi,5
ningistorya,1
ningkaon,3
ningkusog,1
ninglakaw,4
ningmata,1
ningnaog,1
ningpadagan,1
ningpalit,4
ningsaba,1
ningsikat,1
ningtaas,4
ningtambong,1
ninive,1
ninong,1
ninyog,2
ninyong,14
niorder,1
nipalakpak,2
nipalit,16
nipalpak,1
nipanaw,1
nipasaka,1
nipaspas,1
nipatay,5
nipatigbabaw,1
nipatlag,1
nipili,1
nipilit,1
nipirat,1
nipis,2
nipisik,1
nipitik,1
nipusil,1
nipuyo,1
niresulta,1
nisaad,1
nisaka,5
nisakay,2
nisamot,3
nisantop,1
nisayaw,2
nishagit,1
nisidlak,1
nisinggit,3
nisugat,1
nisugod,1
nisugot,1
nisuka,1
nisuko,1
nisukol,1
nisulat,1
nisulay,1
nisulod,13
nisulti,5
nisunod,2
nisurender,4
nisyagit,2
nitaas,2
nitabang,2
nitabok,2
nitaghoy,1
nitago,2
nitahud,1
nitambong,3
nitanaw,4
nitawag,7
nitawan,1
nitibo,1
nitindog,4
nitingog,4
nitong,1
nitubag,5
nitubo,1
nitugan,1
nituktok,2
nitungha,1
nituo,11
nituon,1
nitutho,1
niuban,2
niubo,1
niulan,12
niulbo,2
niuli,9
niundang,4
niutot,1
niuyog,1
niuyon,3
niwang,2
niya,938
niyag,9
niyang,52
niyebe,21
niyog,8
nlng,2
noba,1
nobela,9
nobya,2
nobyembre,14
nobyo,2
noldo,1
nonong,2
nostalhiyang,1
novaliches,1
noynoy,1
ntfelcac,1
nuezca,1
nukurat,1
nungka,2
nunot,1
nunungan,1
nutbok,1
nutrisyon,1
nuwebe,5
nuybe,2
nwuwebe,1
nyebe,3
o,182
obededom,3
obil,1
obligado,1
obligasyon,5
obolo,1
oboth,4
obserbasyon,1
ochozias,6
ocran,1
odessatumbali,1
ogdalag,1
oghopi,1
oglurchas,1
okasyon,2
oklak,3
oksiheno,2
oksihenot,1
oktubre,14
olandes,2
olbigo,1
olib,1
olibo,5
ondoy,3
onesiforo,1
onstidad,1
ontolohiya,1
oo,24
operasyon,10
ophra,1
opinyon,11
opisina,12
opisyal,14
opisyales,2
oposisyonal,2
opurtunidad,1
orasa,10
orasan,7
orasnitong,1
orcinua,1
ordinansa,1
ordinaryong,1
orens,1
organik,1
organikong,1
organisasyon,2
organong,1
orihinal,4
orkestra,1
orkid,1
ornan,1
oryang,1
oseas,2
osmea,2
osmena,1
otangon,2
othoniel,1
otonyo,4
otoridad,2
otsenta,1
otsinta,1
otso,9
owak,3
oyanguren,1
p,18
paabuta,1
paabuton,2
paadto,21
paadtoa,1
paadtog,2
paagi,24
paagiha,4
paagion,1
paak,2
paanhi,2
paanindot,1
paarbularyuhi,1
pababa,2
pababag,1
pabalik,1
pabaliktad,1
pabalonan,1
pabantayan,1
pabarugon,1
pabertdey,1
pabiyai,1
pabiyon,4
pabo,1
pabor,7
paborito,20
paboriton,1
paboritong,1
pabrika,8
pabugatan,1
pabugnawa,1
pabukala,2
pachliopta,1
pacircuncidahi,1
padadan,1
padadi,1
padagan,6
padaganon,1
padagayaon,1
padaghana,1
padaka,2
padako,1
padakuon,1
padalagana,1
padali,1
padalia,1
padanaram,5
padaubi,1
padayon,12
padayona,2
padayong,2
padayun,3
padayunon,1
padkadautan,1
paduguon,1
padulngan,6
padulnganan,1
padulong,60
padung,2
pagaadtoan,8
pagaagasan,1
pagaalagaran,1
pagaandamon,1
pagaantuson,1
pagabaaydan,1
pagabadlongon,1
pagabahinon,6
pagabairon,1
pagabalaanon,6
pagabalataan,1
pagabalhinon,3
pagabanhawon,3
pagabantayan,16
pagabantayn,1
pagabasahon,1
pagabatonan,1
pagabatoon,2
pagabayawon,2
pagabaydan,1
pagabiabi,1
pagabiyaan,3
pagabli,2
pagabot,33
pagabuboan,1
pagabuhatan,1
pagabuhaton,53
pagabuhian,3
pagabuklaron,1
pagabukon,3
pagabuksan,2
pagabulahanon,1
pagabusgon,1
pagabuso,4
pagabut,16
pagabutangan,2
pagacastigohon,1
pagacircuncidahan,1
pagadadan,3
pagadadon,26
pagadaghanon,2
pagadakpon,1
pagadawaton,1
pagadian,2
pagadigoon,1
pagadihogan,2
pagadto,9
pagadugangan,1
pagadumtan,1
pagagahinon,1
pagagamiton,1
pagagay,2
pagaghat,2
pagagi,2
pagagiukan,2
pagagonubon,1
pagagos,1
pagagubon,3
pagagulo,1
pagagunobon,1
pagahampakon,1
pagahatagan,4
pagahigdaan,2
pagahikalimtan,1
pagahikayon,1
pagahilakan,2
pagahilngon,1
pagahimatudan,1
pagahimoon,9
pagahimunotan,1
pagahinganlan,3
pagahinloan,4
pagahinumduman,3
pagahisgutan,1
pagahubgon,1
pagahuboon,1
pagahugasan,2
pagahugawan,3
pagahukman,4
pagahuptan,2
pagaihawan,1
pagaihawon,1
pagailhon,1
pagailisan,3
pagaimnon,1
pagaingnon,1
pagaisipon,10
pagakaloyan,1
pagakamatyan,2
pagakana,1
pagakanon,33
pagakaulawan,1
pagakuhaon,18
pagakuptan,2
pagalabhan,2
pagalagad,28
pagalagaron,1
pagalagbasan,1
pagalaglagon,18
pagalainon,3
pagalamyon,1
pagalatuson,1
pagalibogon,2
pagalihok,1
pagalipayon,2
pagalisangon,1
pagalsa,1
pagalubnganan,2
pagalugwayan,1
pagalukaton,3
pagalukban,1
pagalumpagon,1
pagalutoon,3
pagaluwason,2
pagamahalon,1
pagamatarungon,1
pagamatngonan,1
pagambit,1
pagambush,1
pagamigohon,1
pagamongamong,1
pagamping,7
pagampo,7
pagamultahan,1
paganak,6
paganalisar,2
pagandam,2
paganganlan,1
pagangkon,2
paganhi,3
pagantos,7
paganunsyo,1
pagapaagihon,1
pagapaanhion,1
pagapabalikon,2
pagapabulagon,2
pagapadaghanon,3
pagapadakon,1
pagapadakuon,1
pagapagahion,1
pagapagawason,1
pagapahamutangon,1
pagapahiran,1
pagapaipunon,1
pagapakanon,2
pagapakaulawan,3
pagapalaon,1
pagapalungon,1
pagapanagiyahon,1
pagapanalanginan,2
pagapanilngon,1
pagapanimalusan,2
pagapaninglon,1
pagapanitan,1
pagapapahawaon,1
pagapapalaran,1
pagapasayloon,3
pagapasibogon,1
pagapasidlakon,1
pagapasidunggan,2
pagapasipalahan,1
pagapatunggon,4
pagapatyon,18
pagapaulanon,1
pagapauswagon,1
pagapil,3
pagapilion,14
pagapinigon,1
pagapodapod,2
pagapugon,1
pagapukanon,1
pagapulawon,1
pagapunon,1
pagaputlian,1
pagaputlon,2
pagaresto,1
pagari,1
pagasagdi,1
pagasakiton,1
pagasamaran,2
pagasaulogon,1
pagasenso,1
pagasilutan,2
pagasingkamotan,1
pagasugdan,1
pagasungayon,1
pagasunogon,10
pagasusihon,1
pagasymmetry,1
pagatabonan,1
pagatagoan,1
pagatake,8
pagatanawon,2
pagatapokon,1
pagatawgon,2
pagatiguman,52
pagatigumon,5
pagatiman,2
pagatimanan,3
pagatipigan,1
pagatras,1
pagatubang,2
pagatubson,2
pagatukoron,5
pagatuktokon,3
pagatumanon,3
pagatumban,2
pagatunlon,1
pagatuyokon,1
pagaukban,1
pagaulaan,1
pagaulian,1
pagausabon,1
pagausbon,1
pagaututon,2
pagawas,3
pagawasa,1
pagaway,1
pagawayan,1
pagawit,2
pagayo,19
pagbadlong,6
pagbago,10
pagbagolbol,1
pagbagong,1
pagbagulbol,2
pagbaha,4
pagbahin,1
pagbahinbahin,1
pagbahon,1
pagbakho,2
pagbaklay,1
pagbakyawon,1
pagbalaan,2
pagbalata,3
pagbalhin,3
pagbalhinon,1
pagbaligya,5
pagbalik,14
pagbalos,2
pagbanabana,4
pagbanagbanag,1
pagbangga,3
pagbangkaw,1
pagbangon,1
pagbangotan,2
pagbangutan,3
pagbanha,2
pagbanhaw,2
pagbantay,12
pagbasa,15
pagbasol,3
pagbasulan,1
pagbatang,1
pagbati,13
pagbatok,1
pagbaton,4
pagbawi,4
pagbayad,3
pagbayaw,1
pagbayawa,1
pagbayawon,2
pagbaybay,1
pagbida,1
pagbilang,1
pagbilin,1
pagbingkil,1
pagbinuotan,2
pagbisita,4
pagbitay,3
pagbiya,2
pagbiyahe,7
pagbiyai,2
pagbomba,1
pagboto,1
pagbudhi,3
pagbuffet,1
pagbugkos,1
pagbuhat,48
pagbuhata,1
pagbuhi,3
pagbuhian,1
pagbukas,1
pagbukhad,1
pagbuksan,9
pagbulad,1
pagbulag,3
pagbuling,2
pagbulingan,1
pagbulotan,4
pagbundak,1
pagbungkag,1
pagbuno,1
pagbuntog,1
pagbuo,1
pagbuot,5
pagbusog,2
pagbutang,13
pagbutangan,1
pagbutangbutang,1
pagbuto,14
pagbutyag,4
pagbyahe,1
pagcircuncidahan,1
pagcircuncidar,1
pagdagan,6
pagdagayday,1
pagdagkot,1
pagdagsa,2
pagdahili,6
pagdahom,3
pagdako,3
pagdakop,2
pagdaku,2
pagdakup,5
pagdala,24
pagdalayeg,1
pagdali,9
pagdalidalion,1
pagdani,2
pagdaot,1
pagdaro,3
pagdaugdaugon,1
pagdaut,1
pagdawat,8
pagdayeg,6
pagdesisyon,2
pagdibuho,1
pagdihog,1
pagdikit,1
pagdili,1
pagdinawatay,1
pagdiskobre,1
pagdiwata,1
pagdokumento,1
pagdrayb,2
pagduaw,2
pagduda,2
pagdugang,2
pagdugay,1
pagdugmok,1
pagdugokasingkasing,1
pagduhaduha,8
pagdukdok,1
pagdukiduki,1
pagdula,7
pagdumala,3
pagdumili,2
pagdumot,9
pagdungog,2
pagduol,3
pagedyakuleyt,1
pageskuyla,2
pageskwela,2
paggahin,1
paggalab,1
paggamit,13
paggamiton,1
paggapus,1
paggasto,1
paggawas,5
paggawi,4
paggigitara,1
paggikan,4
pagginhawa,1
paggisi,1
paggita,1
paggiuk,1
paggrahe,1
pagguba,1
paggubat,3
paggukod,1
paggula,2
paggunting,2
paghabol,3
paghagdawan,2
paghagit,1
paghagok,3
paghalabas,1
paghalad,6
paghalahala,2
paghampak,1
paghandom,1
paghandum,1
paghanga,1
paghangyo,2
paghari,5
paghatag,20
paghawa,3
paghiabut,4
paghibaligya,1
paghibalik,1
paghigda,9
paghigugma,12
paghikap,1
paghikapa,1
paghikatulog,1
paghikawas,1
paghiking,1
paghikog,2
paghilak,4
paghilom,3
paghimay,1
paghimo,13
paghimog,1
paghinay,3
paghinayhinay,2
paghinigugmaay,1
paghinlo,5
paghinulsol,1
paghinumdom,1
paghinumdum,1
paghisgot,2
paghisgut,1
paghisulod,2
paghubad,2
paghubag,1
paghubas,1
paghugas,3
paghugaw,1
paghugawan,2
paghukom,13
paghukum,1
paghulagway,1
paghulam,1
paghulat,4
paghuman,10
paghunahuna,8
paghunahunaa,1
paghunong,5
paghusay,3
pagibig,1
pagihap,3
pagihi,2
pagikanon,3
pagila,7
pagilis,1
pagimakuli,1
pagimbestiga,1
pagimbita,1
pagingles,1
pagingon,19
paginom,5
paginstalar,1
paginsultu,2
pagipalaglag,2
pagisalikway,1
pagisip,1
pagisipa,2
pagisipon,1
pagistorya,6
pagistoryahan,1
pagistoryahanay,1
pagistoryahay,1
pagisugilon,1
pagiuli,2
pagka,11
pagkaabli,2
pagkaadunay,1
pagkaagi,6
pagkaalaut,1
pagkaamigo,1
pagkaanindot,2
pagkaasawa,2
pagkaayo,2
pagkababaye,1
pagkabalda,1
pagkabalo,5
pagkabanagbanag,1
pagkabanhaw,19
pagkabasa,2
pagkabastos,1
pagkabata,4
pagkabatanon,1
pagkaberde,1
pagkabihag,3
pagkabilanggo,3
pagkabingkil,4
pagkabinihag,3
pagkabinulag,6
pagkabuang,6
pagkabuhat,1
pagkabuhi,2
pagkabulag,1
pagkabuntag,18
pagkabuotan,2
pagkadagaya,1
pagkadaku,8
pagkadala,2
pagkadaot,2
pagkadaotan,1
pagkadato,1
pagkadautan,9
pagkadili,1
pagkadilihingpit,1
pagkadilimatarung,2
pagkadilitinuyo,1
pagkadinalian,1
pagkadiskubre,1
pagkadungog,24
pagkadunot,4
pagkaedaranmusulod,1
pagkagabii,3
pagkaguba,3
pagkagumon,1
pagkaguol,1
pagkahadlok,6
pagkahadloki,1
pagkahagbong,1
pagkahakog,1
pagkahamtong,3
pagkahanaw,1
pagkahapon,3
pagkahibalo,3
pagkahilo,1
pagkahimo,3
pagkahimong,2
pagkahimugso,1
pagkahimulag,1
pagkahingpit,3
pagkahingpitsakasingkasing,1
pagkahinlo,1
pagkahiusa,1
pagkahubo,18
pagkahugaw,5
pagkahulog,7
pagkahuman,74
pagkahuyang,1
pagkaila,1
pagkakaaway,1
pagkakaplag,1
pagkakapoy,1
pagkakaron,1
pagkakaton,1
pagkakita,15
pagkakugihan,1
pagkakulang,3
pagkakulba,1
pagkakulong,1
pagkalabot,1
pagkaladlad,1
pagkalagiw,1
pagkalaglag,2
pagkalalis,1
pagkalason,1
pagkalawa,1
pagkaligo,1
pagkaligon,1
pagkalipay,1
pagkalos,1
pagkalugi,2
pagkalukat,1
pagkalus,1
pagkaluto,2
pagkaluya,1
pagkamaalam,1
pagkamaanyag,1
pagkamaatimanon,1
pagkamabination,1
pagkamadinaoton,1
pagkamadinauton,1
pagkamagbalantay,1
pagkamahugaw,1
pagkamainantuson,2
pagkamakalilisang,1
pagkamakasasala,1
pagkamakusganon,1
pagkamanggialamon,2
pagkamapahitason,1
pagkamapasalamaton,1
pagkamapuanguron,1
pagkamasinabtanon,1
pagkamasupilon,1
pagkamatamis,1
pagkamatarung,16
pagkamatay,104
pagkamatikod,1
pagkamatinudanon,1
pagkamatinumanon,1
pagkamatuod,23
pagkamausisaon,1
pagkaministro,1
pagkanaug,1
pagkanazareo,1
pagkanindot,1
pagkanta,6
pagkanunayng,1
pagkaon,79
pagkaona,1
pagkaong,2
pagkapakyas,2
pagkapanganay,3
pagkapangdol,1
pagkapangulo,3
pagkapanulondon,1
pagkaparehas,1
pagkapatay,2
pagkapildi,1
pagkapinasiguli,1
pagkapresidente,1
pagkapribado,2
pagkapukan,2
pagkaputi,1
pagkasacerdote,1
pagkasakit,2
pagkasalop,2
pagkasalug,2
pagkasawomsom,3
pagkasayud,1
pagkasourced,1
pagkasukihan,2
pagkasuko,2
pagkasulod,1
pagkasulti,1
pagkatag,1
pagkatahi,2
pagkataka,1
pagkatao,1
pagkatapos,1
pagkatapus,1
pagkatawo,5
pagkatibulaag,1
pagkatigulang,1
pagkatigum,17
pagkatinuod,13
pagkatkat,1
pagkatol,1
pagkaton,4
pagkatulog,2
pagkatunaw,1
pagkaugma,6
pagkaulay,4
pagkaulipon,2
pagkaun,1
pagkaupaw,4
pagkawagtang,1
pagkawala,16
pagkawalay,5
pagkawalaypagpanumbaling,1
pagkawat,1
pagkaya,1
pagkaylap,1
pagkidnap,1
pagkilala,1
pagkinabuhi,1
pagkiskis,2
pagkita,2
pagkitkit,1
pagklaro,1
pagklik,2
pagkolekta,2
pagkombikto,1
pagkontak,1
pagkontank,1
pagkopya,3
pagkubkob,2
pagkuha,15
pagkunhod,5
pagkupti,1
pagkusog,2
paglaban,1
paglabaw,1
paglabay,4
paglaglag,6
paglagon,1
paglakat,2
paglakaw,16
paglalis,3
paglambo,1
paglampos,2
paglangkaton,1
paglangoy,2
paglangoylangoy,1
paglangyawlangyaw,1
paglansad,2
paglantaw,3
paglaom,7
paglapas,9
paglarga,1
paglaum,13
paglibak,1
paglibut,4
pagligon,1
paglihok,6
paglikay,1
paglimbong,2
paglimot,1
paglimpiyo,1
paglimpyo,2
paglingkod,3
paglipay,4
paglipot,1
pagliso,1
paglisodlisod,2
paglista,2
paglsulat,1
paglubad,1
paglubong,3
pagluib,2
paglukso,1
paglungtad,1
paglunop,2
paglupad,5
paglupigan,1
paglusob,1
paglutas,1
pagluto,3
paglutog,2
paglutos,2
pagluwas,6
pagmakak,1
pagmakusganon,1
pagmando,4
pagmanggialamon,1
pagmantala,3
pagmata,5
pagmatutu,1
pagmaya,2
pagmina,5
pagminatay,9
pagminyo,2
pagmobu,1
pagmongha,2
pagnunot,1
pagokupar,1
pagong,2
pagpaabot,1
pagpaabut,3
pagpaagi,1
pagpaak,2
pagpaambit,1
pagpaayo,1
pagpabalik,1
pagpabili,1
pagpabilin,2
pagpabukal,1
pagpabuto,1
pagpadagan,1
pagpadaghan,1
pagpadayon,4
pagpadula,1
pagpagaan,1
pagpagarbo,1
pagpagawas,1
pagpagubok,2
pagpagulag,1
pagpahalok,1
pagpahaluna,1
pagpahanungod,1
pagpahayag,1
pagpahiangay,1
pagpahibalo,4
pagpahilayo,1
pagpahimulos,2
pagpahimuot,1
pagpahulay,5
pagpaila,1
pagpainum,1
pagpakaabut,1
pagpakaaroningnon,1
pagpakabana,1
pagpakabright,1
pagpakadautan,1
pagpakadungog,1
pagpakagawas,1
pagpakahilum,1
pagpakakita,1
pagpakalagiwa,1
pagpakamakinaadmanon,1
pagpakamatay,8
pagpakanunayng,1
pagpakaon,9
pagpakasabut,1
pagpakasal,1
pagpakasala,4
pagpakasuko,1
pagpakaulaw,1
pagpakigambit,1
pagpakigambitay,1
pagpakigaway,6
pagpakigdait,1
pagpakighilawas,6
pagpakighiusa,2
pagpakigkita,2
pagpakiglabot,1
pagpakiglayog,1
pagpakigsaad,2
pagpakigsulti,2
pagpakita,4
pagpakunhod,1
pagpakyasa,1
pagpalagpot,1
pagpalakat,2
pagpalakaw,10
pagpalambo,1
pagpalandong,1
pagpalayas,1
pagpalimbong,1
pagpalit,9
pagpaliwat,2
pagpalong,1
pagpalonga,1
pagpalupad,1
pagpamakak,1
pagpamalandong,2
pagpamalengke,1
pagpamalit,2
pagpamaril,1
pagpamatarung,1
pagpamatay,11
pagpamatayg,1
pagpamati,2
pagpamatuod,12
pagpamilok,1
pagpamintal,1
pagpamobo,1
pagpamugnaw,1
pagpamulak,2
pagpamupo,1
pagpamusil,5
pagpamutol,1
pagpanabako,1
pagpanagiya,12
pagpanagna,1
pagpanagtag,1
pagpanalangin,1
pagpanalipod,6
pagpanamkon,1
pagpanapaw,1
pagpanapok,1
pagpanarbaho,1
pagpanaw,5
pagpanaway,1
pagpangabugho,1
pagpangalipay,1
pagpanganak,2
pagpangandam,1
pagpangandoy,2
pagpangaon,1
pagpangapodapod,2
pagpangasawa,1
pagpangawat,5
pagpangayam,6
pagpangayo,2
pagpangdani,1
pagpangdaot,1
pagpangga,1
pagpanggubat,2
pagpanggula,1
pagpanghadlok,1
pagpanghagit,1
pagpanghasi,2
pagpanghibalo,7
pagpanghilabot,2
pagpanghimaraut,1
pagpanghimatuod,2
pagpanghimog,1
pagpanghingilin,1
pagpanghukom,1
pagpanghupaw,4
pagpangilkil,1
pagpangisda,2
pagpangita,3
pagpangitag,1
pagpanglakaw,1
pagpanglimpyo,1
pagpanglupig,1
pagpanguha,1
pagpangulata,1
pagpangulo,1
pagpanguna,3
pagpangurso,1
pagpangutana,4
pagpanigarilyo,9
pagpaniid,5
pagpanilhig,2
pagpanimaho,1
pagpanimalos,1
pagpanimalus,8
pagpaniudto,1
pagpanlupig,4
pagpanubag,1
pagpanudlo,2
pagpanumpa,3
pagpanungay,1
pagpanunglo,1
pagpapahawa,1
pagpapalad,4
pagpapanunod,1
pagpapatay,1
pagpapatlaagon,1
pagpapirma,2
pagpaputi,1
pagpaputli,2
pagpapuyo,1
pagpasabot,1
pagpasabut,2
pagpasagad,2
pagpasalamat,2
pagpasanay,1
pagpasanon,1
pagpasapasa,1
pagpasaylo,1
pagpasibsib,3
pagpasidaan,1
pagpasidungog,1
pagpasiga,1
pagpasiguli,1
pagpasipala,2
pagpaspas,2
pagpasulod,4
pagpasundayag,1
pagpasuso,1
pagpatalinghug,3
pagpataliwala,3
pagpatambag,1
pagpatambal,1
pagpatawag,2
pagpatay,136
pagpataysa,1
pagpatindog,2
pagpatrabaho,1
pagpatulid,1
pagpatuman,1
pagpatungha,1
pagpatuo,2
pagpauli,2
pagpauswag,1
pagpayaya,2
pagpili,5
pagpinta,1
pagpiyong,1
pagpohoa,1
pagpost,1
pagpreserbar,2
pagproseso,1
pagpugasan,2
pagpugong,3
pagpugos,1
pagpundo,1
pagpunggi,1
pagpusil,3
pagputol,2
pagputos,1
pagpuyo,13
pagrehistro,1
pagrekrut,1
pagrespeto,1
pagresponde,1
pagsaad,1
pagsaba,2
pagsabog,1
pagsabot,2
pagsabut,7
pagsabwag,2
pagsadya,1
pagsagop,2
pagsaka,3
pagsakay,6
pagsakit,2
pagsaksi,4
pagsala,1
pagsalibay,1
pagsalig,6
pagsalikway,5
pagsamad,1
pagsamaran,2
pagsamukon,1
pagsanay,1
pagsanta,1
pagsaway,7
pagsayaw,2
pagsayo,6
pagsaysay,2
pagselebrar,1
pagserbisyo,2
pagshooting,1
pagsibat,1
pagsibug,1
pagsigarilyo,2
pagsilip,1
pagsilot,2
pagsimba,1
pagsinag,1
pagsinggit,4
pagsingil,1
pagsipilyo,2
pagsiyagit,1
pagstorya,2
pagsubang,2
pagsubay,1
pagsugat,4
pagsugo,2
pagsugod,5
pagsugot,1
pagsuki,1
pagsukol,1
pagsulat,7
pagsulay,14
pagsulbad,1
pagsulod,18
pagsulong,5
pagsulti,23
pagsulud,2
pagsundog,2
pagsundon,1
pagsungay,1
pagsunod,4
pagsunog,5
pagsuot,1
pagsupak,2
pagsuporta,2
pagsuroy,1
pagsuroysuroy,1
pagsusi,3
pagsusuot,1
pagsusuwat,1
pagtaas,2
pagtabang,13
pagtabok,3
pagtabonsasala,20
pagtagad,3
pagtagbo,1
pagtagilakuan,1
pagtagna,2
pagtago,3
pagtala,1
pagtalaw,1
pagtalay,1
pagtamaya,1
pagtambong,1
pagtamod,2
pagtanaw,22
pagtanawon,2
pagtanga,1
pagtanom,2
pagtanum,2
pagtapok,1
pagtapos,2
pagtarong,1
pagtasa,1
pagtawag,7
pagtenis,1
pagtigulang,1
pagtigum,2
pagtilawi,1
pagtimbaya,2
pagtinabangay,1
pagtinda,1
pagtindog,2
pagtingub,5
pagtinguhaon,1
pagtintal,1
pagtipas,1
pagtipid,1
pagtipig,1
pagtitik,2
pagtobtoban,1
pagtoo,15
pagtoohi,1
pagtrabaho,7
pagtratar,3
pagtraydor,1
pagtuaw,6
pagtubag,4
pagtubaga,1
pagtubig,1
pagtubo,3
pagtubos,1
pagtudan,1
pagtudlo,8
pagtugot,4
pagtugtug,1
pagtugyan,2
pagtukaw,1
pagtuki,2
pagtukod,7
pagtuktok,1
pagtulo,1
pagtulog,4
pagtulonan,3
pagtulunan,1
pagtuman,5
pagtungas,3
pagtungatunga,1
pagtungina,1
pagtunglo,3
pagtungloha,1
pagtunglohon,3
pagtungong,1
pagtunob,1
pagtuo,14
pagtuon,22
pagtutok,1
pagtuyoa,2
pagtuyok,1
paguban,1
pagubay,1
pagud,5
pagukod,1
pagula,1
pagulaa,1
pagulan,3
pagulaon,1
pagulayan,1
paguli,1
paguma,2
pagumangkon,4
paguna,2
pagundang,1
pagunsa,1
pagupa,1
pagusab,50
pagusi,1
pagusik,1
pagusisa,1
paguswag,7
paguto,1
paguyon,2
pagwali,1
pagyahat,1
pagyud,2
pahadloka,1
pahalayo,2
pahaloka,1
pahalugwayan,1
paham,1
pahamangno,2
pahamatngon,1
pahasubo,1
pahauli,1
pahawa,3
pahayag,7
pahibala,1
pahibaloa,1
pahiblo,1
pahidan,1
pahigdaon,1
pahilabtan,1
pahilak,1
pahilayo,2
pahimuot,1
pahimuslan,1
pahimutang,1
pahirama,1
pahiri,1
pahiton,1
pahiyas,1
pahiyom,6
pahugyawa,1
pahulama,2
pahulamon,1
pahulata,1
pahulay,9
pahulayanan,1
pahulmon,1
pahuman,2
pahumot,4
pahunongon,1
pahuram,2
pahuway,2
pailub,1
paimna,1
paimnanan,2
paimnon,1
painbgon,1
paingna,1
paingon,25
painit,1
pait,3
paita,1
pakaayong,1
pakabana,1
pakalagiwa,1
pakan,4
pakana,1
pakanon,3
pakaon,3
pakaona,1
pakaonon,2
pakaslan,3
pakatamison,1
pakaunon,3
pakawala,3
pakiabot,1
pakiabri,1
pakialam,13
pakibalik,1
pakibantayi,1
pakibuhat,1
pakibukas,1
pakida,1
pakigdait,10
pakighigala,1
pakighilawas,1
pakighinabi,2
pakigistorya,1
pakigkita,1
pakiglalis,2
pakiglambigit,1
pakiglantugi,1
pakigpulong,2
pakigsaad,10
pakigsekso,1
pakigsulti,2
pakihatag,2
pakihinay,1
pakihipus,1
pakihugas,1
pakipadayon,1
pakipasa,1
pakipintalan,1
pakipinturahan,1
pakisingil,1
pakita,3
pakitaa,1
pakitabang,2
pakitan,1
pakitawag,1
pakitunol,1
pakiusab,1
pakoy,1
pakpak,1
paksanan,2
paksiw,3
pakulangan,1
pakurogon,1
pakusgi,1
pakusgon,1
pakwan,2
pakyas,3
pakyasa,1
pakyawan,1
pala,1
palabas,2
palabay,1
palabi,4
palabihon,1
palabilabihon,2
palabok,5
palabot,4
palad,10
palaging,1
palagputon,1
palahubog,8
palainom,4
palaka,2
palakaw,3
palakira,2
palakta,3
palaliton,2
palaman,1
palandunga,1
palang,1
palangga,2
palanggan,1
palanguyan,1
palaran,1
palasanon,2
palasyo,10
palaui,1
palayo,2
palda,1
palengke,18
palibot,29
palibut,1
palifera,2
paligona,1
palihog,46
palihoh,1
palihug,24
palingin,2
palingkora,1
palingkoron,1
paliparan,2
palipayon,1
palisiya,3
palisuri,1
palita,3
palitanan,1
palitaw,6
paliti,3
paliton,15
paliya,1
palong,1
palongpong,1
palpak,14
paltik,1
paltos,1
palungon,1
palupad,2
paluparan,1
paluparon,1
palupig,1
pamaagi,17
pamahaw,23
pamahayag,2
pamainit,1
pamakak,1
pamaligya,1
pamalik,1
pamaling,1
paman,6
pamanhonon,1
pamanit,1
pamantalaan,3
pamasahe,1
pamasin,2
pamatasan,8
pamatayon,1
pamati,9
pamatia,2
pamatigayon,4
pamatud,1
pamatudan,1
pamatuod,1
pamatuud,1
pamatyon,4
pamauli,1
pambata,1
pambobomba,1
pamili,1
pamilin,1
pamilya,65
pamilyaha,2
pamilyang,3
paminaw,18
paminawa,4
paminawon,2
pampahimsog,1
pampahupay,1
pampaman,2
pampaputi,1
pamuhunan,1
pamulong,1
pamuot,2
pamuyo,1
panaad,5
panabaku,1
panabang,1
panabok,1
panaderiya,1
panaderya,5
panag,2
panagamigohay,1
panagbangga,1
panagbangi,3
panagbingkil,1
panagbulag,1
panagestoryahay,1
panaghilawas,2
panaghisgot,2
panaghoy,1
panaghsa,1
panagipon,1
panagistoryahanay,1
panagiyahon,1
panagkaaway,1
panagkasumpaki,1
panagkita,1
panaglalis,2
panaglambigit,1
panagna,1
panagsa,7
panagsangka,2
panagstoryahanay,1
panagsulti,2
panagtagbo,1
panagtapok,5
panagtigom,1
panagtigum,1
panagtipon,1
panaguban,1
panagway,5
panahaon,1
panaho,1
panahon,136
panahona,31
panahong,2
panahuna,1
panaksan,8
panalagsa,1
panalangin,9
panalanginan,1
panalangini,1
panalasa,1
panalganan,1
panalipdan,1
panalipod,6
panalipudan,1
panamastamasan,1
panamilit,1
pananagatan,1
pananalapi,2
pananaw,42
pananawon,5
pananghid,1
pananglit,1
pananglitan,8
panangtangon,1
panangtapok,1
panapton,2
panaptona,1
panarbaho,1
panatiko,1
panatikosiya,1
panaw,6
panawag,1
panawagan,2
pandemiya,1
pandemya,3
pandesa,1
pandesal,7
pandi,3
pandong,2
panfilia,1
pangabay,1
pangabugho,6
pangabuso,1
pangalan,27
pangalangaang,2
pangaliyupo,1
pangan,1
panganak,4
panganay,43
pangandoy,13
pangangaluluwa,2
panganibanperez,1
panganod,29
pangantucan,1
pangaon,10
pangape,1
pangasawonon,1
pangatagak,1
pangatarungan,2
pangayam,1
pangayo,5
pangayog,1
pangbabaye,1
pangdahom,1
pangdahum,1
panggahum,1
panggikan,1
panggobyerno,1
panggubatan,3
panggutomon,1
panghambog,1
panghaylo,1
panghilabot,1
panghimagas,1
panghimatuod,1
panghinabo,1
panghinaw,1
panghitabo,10
panghitaboa,1
pangholdap,1
panghubag,1
panghunahuna,9
panghupaw,1
pangidlap,2
pangihi,2
pangilabot,1
panginabuhi,24
panginabuhian,1
panginahanglan,4
panginahanglanon,1
panginain,2
panginom,4
pangisda,6
pangisdutriya,1
pangisip,7
pangit,3
pangita,5
pangitaa,3
pangitaan,4
pangitai,1
pangitaon,4
pangkalibutan,1
pangkalibutang,1
pangkalibutanong,1
pangkambyo,1
pangkawanangan,1
pangkuhaa,1
panglanay,1
panglantaw,2
panglawas,7
=======
nanagtamay,1
nanagtigum,1
nanagtukaw,1
nanagungad,1
nanalipod,1
nanalo,1
nanamkon,3
nanarbaho,1
nanawagan,1
nanayaw,1
nangaayo,1
nangabaho,1
nangabut,2
nangadto,3
nangadunot,1
nangagi,1
nangaguol,1
nangahadlok,2
nangahimong,2
nangahulog,1
nangalagiw,2
nangalibog,1
nangalibug,1
nangalipay,2
nangalisang,1
nangaliya,2
nangalumos,1
nangamatay,9
nangamuyo,4
nanganak,11
nanganaug,1
nangandoy,2
nanganhi,1
nangaon,4
nangape,1
nangapukan,1
nangasawa,2
nangatarungan,3
nangatawo,1
nangatik,1
nangatol,1
nangatulog,2
nangawala,2
nangayam,3
nangayo,2
nanggula,3
nanghangyo,1
nanghapdos,2
nanghibalo,1
nanghibulong,1
nanghilabot,1
nanghilugsong,1
nanghinlo,1
nanghitingala,1
nangholdap,2
nanghupaw,1
nanghupong,1
nanginabuhi,1
nanginahanglan,2
nanginum,1
nangisda,1
nangita,5
nangitag,2
nangka,1
nanglimbong,1
nanglingkod,2
nangomusta,1
nanguna,3
nangutana,7
nangutlo,1
nanihanglan,1
nanihapon,3
naninggit,1
naningil,1
naningkamot,2
naninguha,1
naniudto,1
nanlugsong,1
nanuktok,2
nanungas,1
naobserbahan,1
naog,1
napakuratan,1
napakyas,2
napalgan,2
napamatudan,1
napamatudnga,1
napanalipdan,1
napanhutan,1
napanit,1
napansin,1
napanunod,1
napatay,15
napilian,1
napod,1
napud,2
napugnan,1
napugos,1
napula,1
napulo,24
napulogduha,4
napulogwalo,1
napuno,2
napusil,1
naputol,1
nasaag,1
nasabtan,1
nasakitan,2
nasakpan,2
nasalba,1
nasamad,1
nasamdan,5
nasamok,1
nasamokan,1
nasangpit,1
nasave,1
nasayod,4
nasayop,1
nasayran,2
nasayud,7
nasayup,2
nasinati,2
naslide,1
nasod,1
nasubaybayan,1
nasud,21
nasudnong,1
nasuko,4
nasulat,2
nasunog,1
natabok,1
natabunan,1
natagak,1
natagakan,1
natagbo,1
natago,1
natala,4
natanggong,1
natao,1
natapus,1
nataran,2
natawhan,4
natawhang,1
natawo,2
natayog,2
natigom,1
natilawan,1
natingala,3
natipon,1
natong,1
natukiban,1
natukod,1
natulog,2
natuman,2
natumba,1
natumbang,1
natumpagan,1
natunan,1
natunaw,1
natunong,1
naturalista,1
naturella,1
naug,1
naula,1
naulahi,2
naulaw,1
naumod,1
naupaw,1
naupawan,2
nawadan,4
nawala,9
nawalan,1
nawong,28
nayagyag,1
nazaretnon,1
negatibo,1
negosyante,2
negosyo,5
negrospanay,1
nematod,1
nemuel,1
neptali,1
nepthali,1
nerria,1
nestpr,1
ng,8
ngabil,10
ngadto,94
ngakasagaran,1
ngalan,36
nganga,1
nganha,5
nganhi,4
ngani,4
ngano,28
nganong,28
ngari,2
ngaridali,1
ngatanan,1
ngipon,4
ngitngit,3
ngplano,1
ngprito,1
ngunit,1
niabot,9
niadto,11
niadtong,49
niagi,2
niaging,3
niana,27
nianang,7
niandar,1
niato,1
nibaba,1
nibalhin,1
nibundak,1
nidagan,3
nidaog,1
nidawat,1
nigawas,1
nihagok,1
nihanglan,1
nihigda,1
nihilak,2
nihimo,1
nihunong,5
niini,137
niining,52
niino,1
niinom,1
nikalit,1
nikanta,4
nikaon,9
nikatawa,1
nikidhat,1
nikuha,1
nilabay,2
nilabhan,1
nilag,2
nilaga,1
nilagang,1
nilakaw,4
nilarga,1
nilatang,1
nilihok,1
nilingkod,3
nilubton,1
nilungag,1
nilupad,1
nimata,1
nimog,2
nimong,5
nindot,12
nindut,1
ningabut,1
ningdagahan,1
ningdaghan,1
ninggawas,1
ningkaon,1
ningmata,1
ningpalit,1
ninyong,3
niorder,2
nipalit,1
nipalpak,1
nipanaw,1
nipatay,3
nipis,1
niresulta,1
nisaka,1
nisamot,1
nisantop,1
nisayaw,2
nisinggit,1
nisugod,1
nisuka,1
nisuko,1
nisulod,2
nisulti,2
nitaghoy,1
nitago,1
nitambong,1
nitawag,1
nitingog,2
nituo,2
niubo,1
niulan,2
niulbo,1
niuli,1
niundang,1
niuyon,1
niyag,2
niyang,14
niyebe,2
niyog,2
noba,1
nobela,2
nobena,1
nobyembre,1
noldo,1
nonong,1
noynoy,1
nuwebe,5
nwuwebe,1
o,89
obligasyon,2
obolo,1
obserbasyon,1
ochozias,1
ocran,1
oktubre,5
olibo,1
ondoy,1
ophra,1
opinyon,3
opisina,6
opisthorhis,1
opisyal,2
oposisyonal,1
orasa,3
orasan,1
organong,1
orihinal,2
orkid,1
osmea,1
otangon,1
otoridad,1
otsenta,1
otso,1
owak,2
oyanguren,1
p,11
paadto,2
paagi,5
paak,1
paanhi,1
paarbularyuhi,1
pababa,1
pabalik,1
pabarugon,1
pabiyon,2
pabo,1
pabor,2
paborito,2
pabrika,1
pabukala,1
padadi,1
padaganon,1
padaghanon,1
padaka,3
padako,1
padanaram,1
padayon,4
padayong,1
padayun,2
padayunon,1
padulong,16
padung,1
pagaantuson,1
pagabahinon,1
pagabantayan,3
pagabli,1
pagabot,10
pagabuhaton,18
pagabuhian,1
pagabut,5
pagadadan,2
pagadadon,5
pagadakpon,1
pagadto,1
pagadtoan,1
pagagay,1
pagagi,2
pagagonubon,1
pagagubon,1
pagahatagan,2
pagahikalimtan,1
pagahimoon,4
pagahimunotan,1
pagahinloan,1
pagahisgutan,1
pagahuboon,1
pagahukman,1
pagailhon,1
pagaingnon,1
pagaisipon,3
pagakanon,7
pagakuhaon,9
pagakuptan,1
pagalabhan,1
pagalagad,2
pagalaglagon,4
pagalainon,3
pagalibogon,1
pagalihok,1
pagalisangon,1
pagalukaton,1
pagaluwason,2
pagamigohon,1
pagampo,2
paganak,1
paganalisar,1
pagangkon,2
paganhi,1
pagantos,2
pagantus,1
paganunsyo,1
pagapaagihon,1
pagapabalikon,1
pagapadaghanon,2
pagapadakon,1
pagapagawason,1
pagapakaulawan,1
pagapanilngon,1
pagapanimalusan,1
pagapasayloon,1
pagapasidlakon,1
pagapatyon,5
pagapauswagon,1
pagapil,1
pagapilion,3
pagapodapod,2
pagapunon,1
pagaputlon,1
pagasagdi,1
pagasakiton,3
pagasdang,1
pagasenso,1
pagasunogon,1
pagasymmetry,1
pagatake,4
pagatamdon,1
pagatapokon,2
pagatawgon,1
pagatiguman,8
pagatigumon,1
pagatimanan,1
pagatipigan,1
pagatubang,2
pagatukoron,2
pagaulian,2
pagausabon,1
pagausbon,1
pagaway,1
pagawit,1
pagayo,8
pagbadlong,4
pagbago,1
pagbaha,2
pagbahinbahin,1
pagbaklay,1
pagbakyawon,1
pagbalaan,1
pagbalhin,1
pagbaligya,2
pagbalik,3
pagbalus,1
pagbanabana,1
pagbangga,1
pagbangkaw,1
pagbangutan,1
pagbantay,3
pagbasa,2
pagbasol,2
pagbasulan,1
pagbaton,2
pagbawi,2
pagbiya,2
pagbudhi,1
pagbuffet,1
pagbugkos,2
pagbuhat,9
pagbuhi,1
pagbukas,1
pagbukhad,1
pagbuksan,3
pagbulad,1
pagbulotan,2
pagbundak,1
pagbungkag,1
pagbuntog,1
pagbuot,1
pagbutang,4
pagbuto,2
pagbutyag,2
pagbyahe,1
pagdagan,2
pagdagayday,1
pagdaghan,1
pagdahili,1
pagdahom,3
pagdakop,1
pagdakup,1
pagdala,1
pagdalagan,1
pagdali,3
pagdaot,1
pagdaro,1
pagdaut,1
pagdawat,5
pagdihog,1
pagdili,1
pagduaw,1
pagdugang,1
pagdugay,1
pagdugokasingkasing,1
pagduhaduha,1
pagdula,3
pagdulhog,1
pagdumot,3
pagdungog,2
pagduol,1
pagduso,1
paggahin,1
paggalab,1
paggamit,1
paggawas,1
paggawi,1
paggisi,1
paggita,1
paggiuk,1
pagguba,3
paggula,2
paghabol,2
paghagdawan,1
paghalabas,1
paghalahala,3
paghampak,1
paghandum,1
paghangyo,1
paghari,1
paghatag,2
paghaylo,1
paghigda,2
paghilom,1
paghimo,5
paghimog,2
paghinay,2
paghinlo,2
paghiusa,1
paghubo,1
paghugas,1
paghukom,4
paghulagway,1
paghulat,1
paghuman,3
paghunahuna,2
paghurot,1
paghusay,2
pagikanon,1
pagila,3
pagimbita,1
pagingles,1
pagingon,4
paginom,1
pagipalaglag,2
pagipon,1
pagisip,1
pagisipon,1
pagistorya,2
pagiwas,1
pagka,6
pagkaadik,1
pagkaagi,3
pagkabaladlongon,1
pagkabanagbanag,1
pagkabanhaw,4
pagkabasa,1
pagkabatanon,1
pagkabihag,2
pagkabilanggo,1
pagkabingkil,2
pagkabinihag,1
pagkabuang,1
pagkabulag,1
pagkabuntag,2
pagkabuotan,1
pagkadagaya,1
pagkadaghan,1
pagkadaku,3
pagkadaot,1
pagkadato,1
pagkadautan,1
pagkadilitinuyo,1
pagkadungog,3
pagkadunot,1
pagkaguba,2
pagkahamtong,1
pagkahapon,2
pagkahibalo,1
pagkahimong,1
pagkahingpit,1
pagkahingpitsakasingkasing,1
pagkahiusa,1
pagkahubo,5
pagkahugaw,1
pagkahugno,1
pagkahulog,2
pagkahuman,14
pagkakabig,1
pagkakaron,1
pagkakita,2
pagkakugihan,1
pagkakulang,2
pagkalagiw,1
pagkalaglag,4
pagkalat,1
pagkalawa,1
pagkaluto,1
pagkaluwas,2
pagkamabination,1
pagkamahugaw,1
pagkamainantuson,1
pagkamanggialamon,2
pagkamao,1
pagkamapasipalahon,1
pagkamatarung,4
pagkamatay,17
pagkamatinahuron,1
pagkamatuod,3
pagkamaunongon,1
pagkanta,1
pagkaon,23
pagkaong,2
pagkapangulo,1
pagkapatay,1
pagkapildi,1
pagkaputi,1
pagkasalop,1
pagkasangit,1
pagkasawomsom,1
pagkasinilotan,1
pagkasukihan,1
pagkasulod,1
pagkatag,1
pagkatao,1
pagkatapos,1
pagkatapus,1
pagkatawo,1
pagkatigum,3
pagkatinuod,2
pagkatunaw,1
pagkaulay,1
pagkaupaw,3
pagkawagtang,1
pagkawala,5
pagkawalay,1
pagkawalaypagtagad,1
pagkaylap,1
pagkinabuhi,1
pagkiskis,1
pagklik,2
pagkonsumo,1
pagkontrol,1
pagkopya,1
pagkubkob,1
pagkuha,6
pagkunhod,1
paglaban,1
paglabay,1
paglaglag,2
paglakaw,4
paglalin,4
paglalis,2
paglambo,1
paglampos,1
paglantaw,1
paglaom,2
paglapas,2
paglatagaw,1
paglaum,7
paglihok,5
paglimot,1
paglipay,1
paglipot,1
paglisodlisod,1
paglista,1
paglitok,3
paglubad,1
paglunop,2
paglupad,1
paglupigan,1
paglusob,1
pagmakusganon,1
pagmantala,1
pagmasinabtanon,1
pagmata,2
pagmina,3
pagminatay,3
pagminus,1
pagminyo,2
pagpaalagad,1
pagpabalik,1
pagpabili,1
pagpabilin,2
pagpabuka,1
pagpadaghan,1
pagpadayon,2
pagpadula,1
pagpagaan,1
pagpagarbo,2
pagpagulag,1
pagpahayag,1
pagpahibalo,1
pagpahilayo,3
pagpahimulos,2
pagpahiuli,2
pagpahulay,3
pagpakaaroningnon,1
pagpakabarug,1
pagpakabogo,1
pagpakadungog,1
pagpakakita,1
pagpakamakinaadmanon,1
pagpakamatay,2
pagpakaon,6
pagpakasal,1
pagpakasala,1
pagpakigaway,3
pagpakighilawas,2
pagpakighugpong,1
pagpakigkita,1
pagpakita,1
pagpalakat,1
pagpalit,3
pagpaliwat,2
pagpamaligya,1
pagpamatay,4
pagpamati,2
pagpamatuod,1
pagpamobo,1
pagpamugnaw,1
pagpamupo,1
pagpanabako,1
pagpanalipod,4
pagpanaw,2
pagpangadtoadto,1
pagpanganak,1
pagpangandam,1
pagpangasawa,1
pagpangawat,2
pagpangayam,8
pagpangayo,3
pagpanggubat,1
pagpanggula,1
pagpanghasi,1
pagpanghibalo,1
pagpanghilabot,1
pagpanghingilin,1
pagpanglimpyo,1
pagpanglupig,1
pagpangrekrut,1
pagpanguha,1
pagpangulo,1
pagpangupaw,1
pagpanigarilyo,2
pagpaniid,2
pagpapanunod,1
pagpapatay,1
pagpasabot,1
pagpasabut,1
pagpasanay,1
pagpasibsib,1
pagpasidungog,1
pagpasiguli,1
pagpasilong,1
pagpatalinghug,1
pagpataliwala,2
pagpatambag,1
pagpatawag,1
pagpatay,21
pagpatindog,1
pagpatuyang,1
pagpilisamaayo,1
pagpinta,1
pagpiyong,1
pagpreserba,1
pagpreserbar,2
pagpuga,1
pagpugasan,2
pagpugong,1
pagpundo,1
pagpunggi,1
pagpusil,1
pagpuyo,4
pagquarry,1
pagrekrut,1
pagresponde,1
pagsabut,4
pagsabwag,2
pagsagop,1
pagsaka,1
pagsakay,2
pagsala,1
pagsalig,4
pagsalikway,2
pagsamaran,1
pagsamok,1
pagsaway,4
pagsayaw,1
pagsayo,1
pagsaysay,1
pagsimbag,1
pagsinggit,1
pagsingil,1
pagstorya,1
pagsubang,1
pagsubay,3
pagsugat,2
pagsugod,3
pagsuhol,1
pagsulat,1
pagsulay,3
pagsulod,6
pagsulong,1
pagsulti,7
pagsulud,2
pagsunog,1
pagsupak,1
pagsuporta,2
pagsuroy,1
pagsuroysuroy,1
pagsuso,2
pagtaas,1
pagtabang,3
pagtabonsasala,8
pagtagad,1
pagtagbaw,1
pagtagna,1
pagtagnatagna,1
pagtala,1
pagtamay,1
pagtanaw,6
pagtandi,1
pagtanga,1
pagtanum,1
pagtawag,4
pagtigum,1
pagtimbaya,1
pagtinabangay,1
pagtinda,1
pagtindog,1
pagtintal,1
pagtipas,1
pagtitik,1
pagtoo,6
pagtrabaho,2
pagtratar,1
pagtuaw,1
pagtubag,1
pagtubaga,1
pagtubig,1
pagtudan,1
pagtudlo,1
pagtugot,1
pagtugyan,1
pagtuis,1
pagtuki,1
pagtukod,1
pagtuktok,2
pagtulid,1
pagtulonan,1
pagtuman,1
pagtungatunga,1
pagtunglo,1
pagtunglohon,1
pagtungong,1
pagtunob,1
pagtuo,3
pagtuon,7
paguban,1
pagud,1
pagulaa,1
pagulan,1
pagulaon,4
paguma,2
pagumangkon,2
paguna,1
pagunsa,1
pagusab,6
pagusi,1
pagusisa,1
paguswag,1
paguto,1
pagwali,1
pagyagayaga,1
pagyubit,1
pahalayo,1
pahawa,3
pahayag,3
pahibaloa,1
pahiyas,1
pahong,1
pahubason,1
pahukma,1
pahulamon,1
pahulata,1
pahulay,2
pahuman,1
pahuway,1
paingna,1
paingon,7
pait,3
pakabana,1
pakanon,2
pakaona,1
pakaslan,2
pakawala,2
pakialam,6
pakibuhat,1
pakida,1
pakigdait,2
pakigistorya,1
pakiglalis,3
pakiglambigit,1
pakiglantugi,1
pakigpulong,1
pakigsaad,2
pakigsekso,1
pakigsulti,1
pakihinay,1
pakipintalan,1
pakita,1
pakoy,1
paksiw,1
pakulangan,1
pakusgi,1
pakusgon,1
pakwan,1
pakyawan,1
palabas,2
palad,3
palagputon,1
palahubog,4
palainom,1
palakaw,2
palakira,1
palakta,1
palandunga,2
palengke,5
palibot,8
palihog,5
palihug,2
palipayon,1
palisiya,1
palisuri,1
palitanan,1
palitaw,1
paliton,5
paliya,1
palpak,4
pamaagi,6
pamagang,1
pamahaw,7
pamakak,1
pamaligya,1
pamasin,1
pamatasan,8
pamati,2
pamatigayon,1
pamatudan,1
pamatuod,1
pamatyon,1
pamili,1
pamilin,1
pamilya,16
pamilyang,1
paminaw,5
pampam,1
pamugtoon,1
pamuot,1
panabok,1
panabut,1
panagbangi,1
panaghilawas,2
panaghisgot,1
panagilog,1
panagipon,1
panagkaaway,1
panagkita,1
panagsa,1
panagtigum,1
panagway,1
panahon,38
panahona,8
panaksan,1
panalagsa,1
panalangin,1
panalipdan,1
panalipod,1
panamastamasan,1
panamilit,1
pananaw,9
pananawon,1
pananglit,1
pananglitan,3
panaw,1
panawag,1
pandemya,1
pandesal,3
panfilia,1
pangabay,1
pangabugho,1
pangalan,8
pangaliyupo,1
panganak,1
panganay,8
pangandoy,1
pangangkon,1
panganod,4
pangaon,1
pangatarungan,1
pangayo,1
panggahum,1
panggobyerno,1
panghatag,1
panghinabo,1
panghitabo,2
pangholdap,1
panghunahuna,1
panghupaw,1
pangibog,1
pangilabot,1
panginabuhi,6
panginahanglanon,2
pangisda,3
pangisip,1
pangit,1
pangitaan,2
panglantaw,1
panglawas,1
panglibak,1
>>>>>>> 9dfe370b30e15142589708a5424f55a0604acdbd
panglimbasugan,1
panglugos,1
pangmusika,1
pangnasud,1
<<<<<<< HEAD
pangpalit,1
pangpang,3
pangpangayam,1
pangpublikong,1
pangputol,1
pangsepilyo,1
pangsindi,1
pangsugnod,1
pangsulat,3
pangsulti,1
pangtibuok,1
pangtigulang,1
pangtulog,1
pangulahiang,1
pangulo,56
pangumusta,1
panguna,6
pangunang,1
pangutana,44
pangutanaha,1
pangutanahon,1
pangutanon,7
pangutok,1
panguyapan,1
pangwanang,1
panid,3
panigarilyo,12
panigingnan,2
panihapon,25
paniil,1
paniki,18
panimalay,242
panimalus,13
panimati,1
panimpla,1
paninabuhi,1
paninda,1
paningkamot,6
paningkamotan,1
paningkamoti,1
paningkamutan,1
paningog,1
panira,1
panirado,1
panit,27
panitan,1
paniudto,17
paniudtong,2
paniusdto,1
pankeyk,1
panlakaw,1
panlalawigan,1
panlantaw,1
panlawas,1
panon,93
panona,1
pansagang,1
pansayan,2
pansinon,1
pansit,18
pantakop,1
pantalan,5
pantasya,4
pantawo,1
pantiyon,1
pantog,1
panudlo,1
panugon,1
panuigon,41
panukiduki,5
panuktok,1
panulat,1
panulay,2
panulondon,40
panulti,4
panultian,1
panultiang,1
panultihon,1
panultion,1
panultiong,1
panulundon,1
panumdoman,2
panumduman,7
panumnduman,1
panumpa,7
panunglo,7
panuos,1
panusok,1
panyawan,4
paon,3
papahawaon,3
papaitan,2
papalita,4
papaliti,2
papana,1
papangawat,1
papanumpaon,2
paparini,1
papaulia,2
papelis,2
papildi,1
papilia,1
papkorn,2
papuya,2
papuyon,2
paquibot,1
para,169
paraaque,1
paradahan,3
parahemprichii,1
parapharaonis,1
parapo,1
parasan,3
parat,3
parayeg,1
pareha,4
parehang,2
parehas,41
pareho,9
parehong,7
pareyd,1
parilis,1
parkeha,2
parlade,1
parliyo,1
parmasiya,1
parmasya,1
parrasan,8
parrotfinch,1
partikular,4
paryente,5
pasabot,17
pasagdan,7
pasagdang,1
pasagdi,13
pasagdie,2
pasahero,7
pasaka,2
pasakitan,1
pasakiti,3
pasalamat,2
pasalamatan,4
pasalig,4
pasangil,4
pasanginlan,2
pasaporte,6
pasapurti,1
pasas,1
pasaway,12
pasayan,2
pasaylo,14
pasayloa,12
pasayloang,2
pasayloon,2
pasaylua,4
pasensiya,1
pasensya,13
pasensyahi,4
pasenya,1
pasibsibanan,1
pasibuga,1
pasidaan,1
pasidanan,1
pasidunggan,1
pasidunggi,1
pasidungog,2
pasigaha,1
pasigarboha,1
pasilidad,3
pasinawon,2
pasipala,4
pasipiko,8
pasiugda,1
pasiuna,1
pasonanca,5
paspas,32
paspasan,4
paspasi,2
pasteleriya,3
pastika,1
pastilan,3
pastillas,1
pasudlon,3
pasulit,5
pasulobi,1
pasulod,1
pasultihon,1
pasundayag,2
pasungan,3
pasyente,11
pasyenteng,1
pataas,3
patag,6
pataka,1
patakaran,2
pataklob,1
patalinghug,2
patalinghugan,2
patalinghugi,7
patanyg,1
patay,214
patayng,33
patayo,1
patayon,2
pataytay,3
patayunon,1
patigayon,1
patik,3
patilawon,1
patindog,1
patindogon,1
patinduga,1
patipigan,1
patohuon,2
patok,2
patokyo,1
patoo,1
patooha,1
patootoo,1
patoyok,2
patriyotiko,4
patriyotikong,2
patriyotismo,1
patriyotista,1
patubo,5
patukoranan,1
patulid,1
patulugon,1
patungason,1
patupi,1
patuyoktuyok,1
patya,5
patyon,15
patyun,2
paubana,1
paubos,1
paulahi,1
paulanan,1
paulani,2
paunsa,1
pausab,1
pausba,1
pauswagon,1
pautang,1
pawikan,16
pawikin,1
payag,13
payaso,2
payat,1
payatas,1
payatot,1
payong,21
pdea,3
peablanca,2
pebrero,6
peka,3
peklat,1
pelikula,4
pelikulang,3
pelinhanon,1
pelonhon,1
pemanuel,1
penelopides,1
penisilin,1
pentecostes,1
pepperberg,1
peras,6
perasim,1
peresehanon,1
perme,2
permero,1
permi,31
perminte,1
permiro,10
pero,68
perpekto,3
persehanon,2
perti,1
perting,6
perug,1
peryodista,8
pestisidyo,1
petchay,1
petsa,2
petsaha,1
pgka,1
pharua,1
phegiel,2
phersehanon,1
philhealth,3
phoratha,1
phorsandatha,1
photinus,1
pialago,1
piang,1
pianista,1
piankagrabeng,1
pichipichi,1
pichol,1
pigoh,2
pihahiroth,1
pikdot,1
pikisiyon,1
piknik,6
piksiyon,7
piksyon,6
piktsyur,1
piktyurs,1
pilak,1
pilaka,1
pilay,8
pildi,4
pildihon,1
pildoras,2
pilian,3
pilianan,1
piliay,2
pilii,1
pilion,5
pilipina,2
pilipinong,2
pilipit,1
pilit,2
pilosopiya,3
pilosopo,6
piltai,1
pinaabot,2
pinaagi,198
pinaagig,2
pinaakan,3
pinaggagawa,1
pinagi,1
pinahigda,1
pinahiuyon,2
pinaka,10
pinakaantigo,1
pinakabasic,1
pinakabati,2
pinakabug,1
pinakadaghan,1
pinakadaghang,1
pinakadako,11
pinakadakong,3
pinakadaku,1
pinakadali,1
pinakadato,1
pinakadugay,2
pinakaduol,5
pinakaekslusib,2
pinakaganahan,1
pinakagiganahan,1
pinakagusto,2
pinakagwapa,1
pinakahawod,1
pinakahawud,1
pinakaimportante,4
pinakakaraan,1
pinakakuripot,1
pinakakusog,1
pinakakuwang,1
pinakalabing,2
pinakalami,2
pinakaleader,1
pinakalipay,1
pinakamaayo,4
pinakamaayong,1
pinakanindot,6
pinakapaborito,1
pinakapabugat,1
pinakapalahubog,2
pinakapalpak,2
pinakapaspas,1
pinakapobre,3
pinakapopular,1
pinakasamok,1
pinakasayon,14
pinakasimple,4
pinakasugod,1
pinakataas,3
pinakatangkad,1
pinakatuo,1
pinakaulahi,1
pinakaumaw,1
pinakauna,2
pinakaunang,2
pinakawalay,3
pinakaway,2
pinalabi,9
pinalabing,1
pinalangga,1
pinalanggang,1
pinalit,2
pinanggang,1
pinapaitan,1
pinaranses,2
pinarel,1
pinasikad,1
pinaskohan,2
pinaspas,1
pinasubay,2
pinatay,6
pinaugang,1
pinauyon,18
pindton,1
pinduton,3
pineas,1
pineriso,1
pinggan,5
pingk,3
pinili,4
piniliay,2
piniling,2
pinilo,1
pinipig,1
piniriso,6
pinirito,2
piniritong,1
pinrito,1
pintador,1
pintakasi,1
pintal,1
pintalan,2
pinturaha,1
pinturahan,1
pinugos,1
pinugsanay,1
pinulangang,2
pinulongan,15
pinulungan,14
pinulungang,5
pinundok,1
pinuno,4
pinusilan,1
pinuti,15
pinuyan,1
pinuyanan,6
pinya,3
pipila,57
pipino,1
pirasa,1
piraso,3
pirimi,1
pirma,1
pirmahan,1
pirme,295
pirmi,94
pirti,2
pirting,1
piscasso,1
pisga,2
pisidia,1
pisika,3
pisikal,3
pisina,1
piskal,2
pislitanan,2
pisliton,1
pison,1
pisot,1
pistula,1
pitik,1
pitipiti,1
pitsa,7
pitsel,1
pitsipitsi,7
piulis,1
piyanista,2
piyano,5
piyansa,1
piye,3
piyesta,4
plamuot,1
planetang,10
plantang,1
planula,1
plaskards,1
plastaron,1
platymantisnegrosensiskayusakaklasesabakisapamilyanga,1
plawta,1
plorera,1
pnoy,2
pnpakg,1
po,1
poagbasa,1
polboran,1
polboron,7
policehighway,1
polillo,1
politikanhong,1
pollino,1
polusyon,6
polysperma,1
pondo,7
pooksapot,2
poponton,1
popsikel,1
populasyon,25
porma,8
pormag,3
pormal,1
pormasyon,1
pormula,2
pornograpiya,2
porours,1
porselana,2
porsiyento,1
porsyento,3
portameda,1
posibleng,2
posisyon,4
positibo,2
positibong,1
posporo,5
postkard,1
potenciano,1
potensyal,32
povedano,2
pranka,1
pranses,58
pransiya,11
pransiyang,1
pransya,4
prayoridad,1
predatorista,1
prehistoriko,1
prenda,2
presensya,1
presko,3
presohan,1
presyo,8
pribado,2
pribadong,3
prigeder,1
primitibo,1
priniso,1
prinsesa,1
prinsipal,1
prinsipe,5
prinsipyo,4
priso,1
prisohan,6
prisu,2
prisyo,2
prito,5
pritong,4
probensya,4
probinsiya,6
probinsya,24
probinsyal,1
probinsyang,1
probisyon,1
produkto,9
prodyeksyon,1
profesiya,2
programang,1
progresibo,2
progresibong,1
prominente,1
propesor,5
propesora,1
propesorang,1
propesyon,4
propesyonal,1
prosekusyon,2
proseso,3
prosesyon,1
prostitusyon,1
proteksyon,4
protektado,4
protektadong,1
protektahan,1
protektor,1
protestante,3
protestantismo,1
protina,6
protochordate,1
proverbio,1
proyekto,6
prutas,26
prutasa,2
pruweba,1
pruyba,1
pterolamiops,1
publikasyon,1
publiko,8
=======
pangpang,1
pangulahiang,1
pangulo,3
panguna,2
pangutana,4
pangutanaha,1
panid,2
panigarilyo,2
panigingnan,1
panihapon,4
paniil,1
paniki,2
panimalay,39
panimalus,2
paninda,1
paningkamot,1
paningkamotan,1
panit,7
paniudto,2
paniusdto,1
panon,24
pansit,1
pantasya,1
pantiyon,1
panudlo,1
panugon,2
panuigon,7
panukiduki,5
panulondon,4
panulti,2
panumduman,3
panuos,1
panusok,1
panyawan,1
paombong,1
paon,1
papahawaon,1
papaitan,2
papana,1
papaulia,1
papelis,1
paradahan,1
parahemprichii,1
parapo,1
parasan,2
parat,1
pareha,2
parehas,13
pareho,2
parehong,3
parkeha,2
parmasya,1
parrasan,4
partikular,2
paryente,2
pasabot,4
pasagdan,5
pasahero,1
pasalamat,1
pasangil,2
pasaporte,1
pasaway,1
pasaylo,1
pasayloa,3
pasensya,4
pasilidad,2
pasipiko,5
pasonanca,1
paspas,5
pastulan,1
pasudla,1
pasudlon,1
pasulit,1
pasyente,2
pataas,1
patag,1
patalinghug,1
patalinghugi,3
patanyg,1
patay,47
patayng,6
patayon,1
pataytay,1
patigayon,2
patik,1
patohuon,1
patootoo,1
patriyotiko,1
patulid,1
patulugon,1
patya,2
patyon,4
pausab,1
pautang,1
pawikan,8
payag,4
payaso,1
payat,3
payong,1
peablanca,1
pebrero,1
pelinhanon,1
pemanuel,1
permero,1
permi,7
permiro,1
perpekto,1
persehanon,2
perting,3
petchay,1
petrolyo,1
petsa,1
pgka,1
phegiel,2
philhealth,2
photinus,1
piang,1
pigoh,1
piho,2
pikdot,1
piknik,1
piksiyon,2
pilak,1
pilaka,1
pilay,1
pildi,1
pilion,2
pilipinong,2
pilipit,1
pilit,1
pilosopiya,4
pilosopo,2
pinaagi,54
pinaakan,1
pinagi,1
pinahiuyon,1
pinakadako,9
pinakadato,1
pinakaduol,2
pinakaganahan,1
pinakagusto,1
pinakagwapa,2
pinakaimportante,1
pinakakusog,1
pinakakuwang,1
pinakalipay,1
pinakamaayong,1
pinakanindot,2
pinakapabugat,1
pinakapobre,1
pinakasimple,2
pinakataas,1
pinakauna,1
pinakawalay,2
pinakaway,1
pinalabi,1
pinarel,1
pinasidunggan,1
pinasikad,1
pinaspas,1
pinasubay,1
pinauga,1
pinauyon,2
pindton,1
pingk,1
pinig,1
pinili,1
piniriso,2
piniste,11
pintakasi,1
pinturahan,1
pinulongan,3
pinulungan,4
pinundok,1
pinuti,2
pinuyan,1
pinuyanan,4
pinya,1
pipila,28
pirasa,1
piraso,1
pirma,1
pirme,68
pirmi,10
piscasso,1
pisga,1
pisidia,1
piskal,1
pison,1
pitsa,2
pitsel,1
pitsipitsi,1
piyano,1
piye,2
piyesta,2
planetang,2
plawta,1
polboron,1
polusyon,2
polysperma,1
pondo,3
poponton,1
popsikel,1
populasyon,14
porma,2
pormasyon,1
pormula,2
porours,1
porsyento,1
positibo,1
positibong,1
potensyal,5
poulayon,1
povedano,1
pranka,2
pranses,9
pransiya,1
pransya,3
presensya,1
presko,1
presyo,1
pribadong,1
priniso,1
prinsesa,1
prinsipe,1
prisohan,1
prito,2
probensya,4
probinsya,5
probinsyal,1
probisyon,1
produkto,1
profesiya,1
propesor,2
propesorang,1
propesyon,1
propesyonal,1
proseso,2
prosesyon,1
proteksyon,1
protektado,1
protektor,1
protochordate,2
proverbio,2
proyekto,3
prutas,8
pruyba,1
publikasyon,1
publiko,1
pudlakip,1
>>>>>>> 9dfe370b30e15142589708a5424f55a0604acdbd
pudlos,1
pudyot,1
pugante,1
<<<<<<< HEAD
pugas,1
pugaw,3
pugnan,1
pugngan,3
pugo,7
pugon,1
pugong,3
pugos,1
pugsa,4
puhon,4
pukaw,2
pukawa,1
pukawon,2
pukot,7
pukyutan,1
pulang,1
pulbos,1
pulburon,2
pulburong,1
pulceras,2
pulismaynila,1
pulisya,21
pulitiko,1
pulmonya,1
pulo,11
pulong,158
pulonga,12
pulos,38
pulospulos,1
pulot,1
puloyanan,33
pulpito,1
pultahan,68
pultahana,1
puluyanan,1
pumahawa,1
pumapalit,2
pumatay,1
pumauli,2
pumoluyo,12
pumunta,1
pumuyo,4
pundador,1
pundasyon,1
pundo,3
pundok,6
pundoka,1
pundokon,1
punerarya,1
punoan,62
punon,5
punong,1
punsalan,2
punsoy,2
puntil,1
puntod,1
punuan,15
puol,1
pupitre,5
pupitreng,1
pupula,1
purok,2
purongpurong,1
purtahan,7
pusial,1
pusil,7
pusilon,2
pusit,2
puslan,1
puspas,1
putahea,2
putang,1
putbol,1
puthaw,5
putla,1
putlaon,1
putli,3
putlon,1
putol,4
putong,1
putulon,1
putyokan,1
puwa,2
puwede,4
puwedeng,2
puwersa,1
puwesto,3
puyanan,16
puyde,2
puyopuyo,4
pwaikan,1
pwedeng,1
pwersa,4
pwertahan,1
pyano,3
quary,1
querubin,3
r,2
rabith,1
rabori,1
radai,1
radiyong,2
rafflesiana,1
ragel,1
ragos,5
rajod,1
rajud,1
rakag,1
raket,1
rakong,1
raliyista,1
ramdam,1
ramsayi,1
raphaitahanon,1
rasang,1
rasismo,1
rason,32
ratog,1
reaias,1
reaksyon,2
rebolusyo,1
rebolusyonaryo,2
rebolusyonaryong,2
refeim,1
refeimhanon,3
regino,2
regiona,1
rehas,1
rehiyon,20
rekem,1
reklamo,16
rekomendar,1
rekomendasyon,1
rektanggulo,2
relasyon,7
relihiyon,27
relihiyong,1
relihiyosa,1
relihiyoso,5
relikya,1
reloha,1
relyeno,2
remalias,3
repidim,1
repleksiyon,1
repormasyon,1
representaive,1
reproduktibo,1
reputasyon,2
reserba,3
reserbasyon,2
respetado,1
respetar,1
responsibilidad,15
ressen,1
restawran,35
restwran,15
resurreccion,1
retana,1
retiformis,1
retirado,2
retiradong,2
reuma,1
reyalidad,1
rhabdotorrhinus,1
ribla,3
riblat,1
ridingin,1
ridingintandem,3
rilihiyosa,2
rimmonperes,3
ritma,3
ritrato,4
ritwal,1
rizaldy,1
roboam,3
robotrobot,1
rodandreel,1
rolerskeyt,1
rolisher,1
romansa,1
ronron,3
rorqual,1
roseller,1
rubenhanon,3
rurok,1
ruweda,2
s,7
saakoa,16
saakoang,2
saakong,1
saalabin,1
saalbonhon,1
saamoa,2
saato,1
saatoa,1
sabaan,1
sabakan,5
sabalay,1
sabaw,20
sabawa,2
sabayan,1
sabaysabay,1
sabeohanon,1
saberrot,1
sabgutan,1
sabihan,1
sabong,1
sabton,2
sabulon,2
sabungero,1
sacilano,1
sadlaw,2
sadoc,1
saduceo,1
safan,1
sagad,14
sagay,3
sagbot,13
sagdii,1
saging,42
sagol,4
sagolsagol,1
sagop,1
sagopa,1
sagpaon,1
saguday,1
sagulsagol,1
sagun,1
sagunsong,1
saimoha,8
saimong,3
sainyoha,1
saiyaha,1
saiyang,2
sakalit,1
sakay,12
sakayan,10
sakip,1
sakiton,3
sakmiton,1
sakoa,2
sakong,2
sakonh,1
sakop,15
sakripisyo,1
saksak,1
saksi,17
sakto,32
saktong,15
sakup,3
sakusina,1
sakyan,3
sakyanan,70
sakyanang,3
sakyanay,2
salaba,1
salabat,6
salabutan,11
salabutang,1
salag,10
salakot,1
salakyan,1
salamangkero,1
salamangkiro,3
salamin,23
salampati,14
salang,2
salaod,1
salapi,50
salapingalukat,2
salawayon,2
salaysay,1
salbahon,1
salceda,1
salid,1
salidaha,2
salidahay,2
salidang,3
salig,10
saligi,1
salili,8
salip,2
salipdanan,1
salipud,1
sallai,1
sallum,2
salmona,2
salog,14
saloy,1
salpaad,3
salphaad,3
salsahan,1
salterio,1
saluping,1
salusalo,2
samang,4
samaran,2
samatang,1
sambag,1
sambingay,12
samdan,1
samga,1
samgyupsal,1
samin,11
samla,3
sammai,1
sammua,1
samok,2
samoka,3
samot,3
samoth,1
sampagita,1
sampaguita,1
sampalok,6
sampinit,1
sampita,1
samporado,5
sampot,2
samserai,1
samtang,106
samukan,2
sandalias,1
sandwits,1
sangag,1
sangka,1
sangkap,6
sanglit,7
sanglitanan,1
sangpotan,1
sangputanan,8
sangtuwaryo,2
saniel,1
sanina,21
saninaa,2
sanla,12
sanlahon,7
sanoa,1
sanribal,1
sansana,1
sansinukob,1
santik,1
santol,2
santuaryo,1
saop,1
sapagka,1
sapatos,21
sapatus,2
sapaw,1
sapikas,1
sapinit,3
sapinsapin,8
saplong,1
saput,3
saranggola,1
sared,1
sariling,2
sarimanok,1
sarisa,1
sarisari,1
sarsaparila,1
sarsaparilya,1
sarsapilya,1
sarus,2
sarvia,2
sasac,1
sasai,1
sasenko,1
saski,1
sasunod,1
satelayt,1
saulo,2
saulog,1
saulogon,1
saultraviolet,1
saunang,2
sawadjaan,4
sawang,6
sayal,5
sayangon,1
sayantipiko,1
sayantis,1
sayantist,1
sayaw,6
sayawanan,1
sayhanan,1
sayloi,1
sayntipikong,1
sayod,1
sayon,23
sayong,6
sayop,53
sayopn,1
sayosayo,1
sayron,1
saysay,4
sayu,1
sayun,1
sayup,15
schadenbergi,1
scleractinia,2
sebanias,1
sebano,1
sebarim,1
sebilya,1
sechacha,1
sechania,1
sedad,1
sedechias,6
sedecias,1
sedisyon,1
segurado,2
seguradong,1
seguruhon,1
seharaias,1
sekiseiensis,1
sekretarya,2
sekretaryo,3
sekreto,10
sekso,2
seksuwal,1
sekswal,3
seksyon,2
sekular,3
sekundaryong,2
selamias,1
selda,4
seled,2
selemias,1
selmo,1
selomit,1
selpon,5
selumiel,2
selyo,3
semaias,4
semanaha,3
semaraim,1
semarehanon,1
semarias,2
semei,3
semeias,1
sementeryo,2
semento,1
semida,2
senador,7
sensasyon,1
sensillyo,1
sentenaryo,1
senteno,1
sentens,1
sentensiya,2
sentimetro,1
sentimetros,1
sentro,8
senyales,1
seora,1
seorim,1
sepam,2
sephuphim,1
sepora,1
septae,1
septiyembre,1
septyembre,3
seramiko,2
serbesa,10
serbisyo,4
seregwelas,1
seresa,1
serug,1
servesa,1
serye,2
seryoso,8
seryuso,1
seryusoha,1
sesyon,2
setyembre,1
setyempre,1
sharmer,1
sharpnose,1
shiboleth,1
siargao,1
sibbeccai,1
sibdivisio,1
sibilisasyon,3
sibilyan,5
sibma,1
sibo,2
sibog,1
siboleth,1
sibot,1
sibsibanan,4
sibsibon,1
sibuco,1
sibugay,3
sibuyan,1
sibuyas,2
sichem,19
sicklefin,1
siclag,3
siclo,18
siddim,2
sidlak,1
sidlakan,3
sidlakang,2
sidonihanon,1
sidsid,1
sigarilyas,1
sigarilyo,6
sigeg,1
sigeng,1
sigionoth,1
sigurado,21
siguradong,1
siguraduhon,1
sigurjonsson,1
siguroa,1
siguruha,1
sikat,5
sikayatris,1
siklo,1
siko,1
sikologo,1
sikolohiya,5
sikosis,1
sikreto,4
sikwatehan,1
sikwati,2
silabaryo,1
silag,10
silangan,14
silangang,2
silanganing,1
silangansilangansilangan,1
silay,23
silbidor,1
silhig,4
silhigan,1
silidaklatan,1
silingan,21
silloi,1
siloe,1
silong,1
silopin,1
silot,30
silotan,3
silovestre,1
silpa,1
simaath,1
simana,1
simaribel,1
simbaha,1
simbahan,23
simbahana,1
simbahon,1
simboryo,1
simeonhon,2
simhot,1
simintu,2
simod,1
simpatiya,1
simpleng,11
simponiya,1
simron,1
simronmeron,1
simtomas,1
sinaad,1
sinabawan,1
sinag,1
sinagbunga,1
sinagoga,5
sinaktan,5
sinalagma,1
sinalapid,1
sinalikway,1
sinalsal,3
sinamon,1
sinangag,5
sinapsap,1
sinas,3
sinaw,1
sindar,1
sindikato,1
sinegwealas,2
sinegwelas,6
sinehan,17
sinehanon,1
sinelas,1
sinena,1
singaw,1
singgit,7
singkamas,3
singkamutan,1
singko,7
singkol,4
singkom,1
singkretista,1
singkuwenta,1
singkwenta,1
singot,2
singsing,10
sinigang,5
sinigwelas,3
sinihan,2
sinilotan,1
sinimana,1
sinina,28
sining,2
siningug,1
siniugba,1
sinogo,1
sinsero,1
sinsilyo,3
sintetika,1
sinugba,2
sinugboanon,1
sinugdan,11
sinugdanan,5
sinugo,4
sinuholan,5
sinuka,1
sinulat,8
sinulatan,5
sinulitaang,1
sinulod,1
sinultian,34
sinultihan,13
sinultihang,1
sinunog,2
siopao,2
sipalay,1
sipi,1
sipilyohan,1
sipit,1
sipnayan,1
sipon,6
sipra,1
sipyaton,1
sirada,1
siradan,1
sirade,1
siradi,3
sirado,6
siradui,1
siriahanon,5
sirianhon,6
sirit,1
sirko,1
sirkunsisyon,1
sirwela,1
sirwelas,2
sisig,13
sisihun,2
sision,1
sistemang,3
sistematiko,1
sisterinlaw,1
sitenta,2
sitim,1
sitinta,1
sitom,1
sitwasyon,15
sityo,1
sityu,1
sivestre,1
siya,2395
siyag,45
siyagit,2
siyam,33
siyan,1
siyaw,1
siyay,94
siyempre,3
siyensiya,2
siyensiyang,11
siyensya,2
siyensyang,1
siyentipiko,1
siyentista,2
siyete,10
siyopaw,6
siyudad,98
siyudara,1
skedyul,1
skwela,1
skwelahan,6
slex,1
sobal,2
sobraan,1
sobrasobra,2
sobyet,3
soker,2
solang,1
solbahon,1
solemne,1
solong,1
solusyon,4
somormujo,1
soolohiya,1
sopag,1
sopas,13
sophar,2
sophim,1
sopistikado,3
sorathihanon,1
sorbete,2
sorbetes,2
soreah,1
soriso,3
sorrydapat,1
sosyal,4
sotanghon,1
spanes,1
speakership,4
stejneger,1
stejnegeri,1
steypler,1
stinoryahan,1
storya,9
storyag,1
storyaha,2
storyahan,2
storyahon,2
strikto,2
stroberi,2
studantae,1
studyante,1
sturya,1
subangan,1
subawan,1
subay,6
subaya,1
subibabaw,1
sublia,1
sublion,1
submarino,2
submassive,1
subspesies,1
subtropikal,1
sucot,1
sudlan,1
sudlanan,11
sugakod,1
sugal,2
sugalanan,1
sugat,1
sugaton,1
sugbo,4
sugbu,1
sugbuanon,1
sugdan,4
sugdi,6
sugilambong,4
sugilanon,3
sugilanong,1
sugilun,2
suginlan,1
suginli,2
sugnod,3
sugoa,3
sugod,23
sugoon,6
sugot,2
sugpo,1
sugti,1
sugyot,4
suham,2
suhamhanon,2
suhitanhon,3
suhol,8
sukad,62
sukaran,1
sukaranan,3
sukata,1
sukihan,2
sukli,2
suklob,1
suko,7
sukod,2
sukodon,1
sukti,1
sukwahi,1
sulab,6
sulat,57
sulata,3
sulatan,3
sulatanan,5
sulati,3
sulatroniko,1
sulay,1
sulayan,8
sulayi,5
sulbad,1
sulbaron,2
suliran,4
sulob,6
sulod,189
sulodbalay,3
sulodgawas,1
sulog,1
sulogoon,48
sulop,2
sulpa,2
sulti,36
sultia,1
sultiha,1
sultihan,6
sultihi,16
sultihon,2
sultion,3
sulud,15
sulugoon,4
sumala,142
sumalig,1
sumangil,3
sumasama,1
sumay,1
sumbag,1
sumbanan,2
sumbanon,2
sumbong,1
suminggit,1
sumpay,1
sumpok,1
sumsum,2
sumulod,3
sumulti,3
sumusunod,1
sundalo,24
sundaloha,1
sundanan,1
sundang,1
sundanon,1
sundathelphusa,1
sundi,2
sundon,4
sundonon,1
sundoon,1
sundugon,1
sunduon,1
sungay,9
sungayang,1
sungkod,22
sunod,82
sunodsunod,6
sunog,13
sunogon,2
sunudsunod,1
suod,10
suok,1
suot,3
suoton,2
supak,2
supek,1
superklaster,1
supertyphoon,1
suplay,2
suporta,5
suportahan,2
supot,1
suppim,1
surasura,1
surbey,1
suroy,1
suroyanan,62
suroyon,1
surpasyo,2
suruyanan,1
susama,9
suspek,15
suspetsado,14
suspetsahan,1
sustansya,1
suthala,4
suwat,2
suwata,1
suwayan,1
suweko,1
suweldo,2
suwensiya,1
suwerte,1
suweter,1
sweldo,3
swerte,7
swerto,1
syaryo,1
syay,1
syensya,4
syentista,2
syert,1
syete,1
symbiodinium,1
syquia,1
syudad,21
t,3
taanach,1
taastaas,1
tabagan,1
tabako,2
tabang,36
tabanga,1
tabangan,27
tabangi,5
tabanog,3
tabanug,2
tabas,1
tabayag,2
tabera,2
tabernaculo,22
tabil,5
tabitabi,1
tableta,1
tabok,5
tabon,8
tabonan,1
tabonon,2
tabuan,1
tabukon,1
tabunan,1
tabunok,1
tabunon,12
tadyaw,1
tagaadlaw,1
tagaamerika,1
tagaan,9
tagaasa,2
tagaatenas,1
tagabalita,1
tagabantay,1
tagabaryo,1
tagabasak,2
tagabenus,1
tagabukid,3
tagadan,2
tagae,7
tagaegipto,1
tagaeuropa,3
tagaharan,1
tagahokkaido,1
tagai,6
tagak,3
tagakanta,1
tagakasadpan,3
tagalangoy,1
tagalitrato,1
tagalong,1
tagalug,2
tagalungsod,1
tagaluto,2
taganak,1
taganazaret,1
taganehelam,1
tagapangulo,1
tagapiraton,1
tagas,16
tagasa,1
tagasuporta,1
tagatiyera,1
tagauna,1
tagawtawan,1
tagazabulon,1
tagbaya,1
tagda,2
tagdon,2
tagdumala,1
taginit,3
tagiya,12
taglagas,1
tagmaneho,1
tagna,2
tagnaa,1
tagnai,1
tagnipa,1
tagoanan,2
tagoangkan,1
tagpila,4
tagsa,5
tagsatagsa,67
tagsulat,4
tagtukod,1
tagtulo,1
tagtuyot,1
taguan,1
taguangkan,7
taguigpateros,2
tagulan,1
taguon,1
tahath,3
taho,13
tahom,1
tahong,1
tahuron,1
takdang,1
takilya,1
taklobo,2
takna,7
taknaa,6
takom,2
takong,4
takos,1
takpan,1
taksanan,2
takupis,1
takus,9
talaan,4
talaarawan,1
talaba,1
talagsa,11
talagsaon,5
talahib,3
talakag,1
talamanan,2
talamayon,2
talambuhay,2
talampas,1
talanawon,6
talatingan,1
talaud,1
talawan,3
talayan,1
talikala,3
talikdan,1
talimudto,2
talinis,1
talinugo,3
taliwala,152
talong,9
talyer,1
tamak,1
tamalis,1
tamananang,1
tamatama,1
tamayon,1
tambag,15
tambal,31
tambala,1
tambalan,2
tambalanan,5
tamban,1
tamboanan,2
tambok,35
tambong,1
tamdanan,2
tamdon,2
tamis,12
tamisa,1
tamnanan,13
tamon,1
tampi,1
tanaman,37
tanan,683
tanang,183
tanaw,25
tanawa,35
tanawon,16
tanazul,1
tandaan,1
tandag,2
tandang,1
tanduri,1
tanggala,1
tanggalon,3
tanghagang,1
tangkad,4
tangkal,1
tangkaw,1
tangkawan,4
tangke,3
tangsan,2
tangtangon,6
tanguile,1
tanmanan,15
tanod,1
tanom,37
tanomanan,2
tanum,11
tanuman,1
tanyag,1
taodtaod,3
taoista,2
tapad,41
tapada,1
tapayan,1
tapok,2
tapoktapok,1
tapolan,2
tapoyanan,1
tappua,2
tapsilog,9
tapti,2
tapulan,28
tapulao,1
tapus,34
tapuson,1
tarala,1
tarbaho,25
tarbahoa,1
tarbahoonon,1
tarong,19
tarpulin,1
tarsis,1
tartanelya,11
tarungon,1
tasang,2
tatay,18
tatoeba,10
tatoebay,1
taudtaoran,2
taudtaud,1
tauhan,1
taurotragus,1
tawag,15
tawaga,1
tawagan,10
tawagi,12
tawagon,2
tawantawan,1
tawga,2
tawgan,5
tawgon,5
tawhana,10
tawhanon,3
tawhanong,2
tawo,719
tawohana,43
tawon,1
tawong,53
tawun,1
taylandes,2
taylandiya,3
taytayan,1
tecoa,1
tecson,1
tekel,2
teknolohiya,1
telebisyon,16
telepon,2
telepono,28
temanitahon,1
temanitanhon,2
templong,2
teodulo,2
teolohiya,1
teorya,3
teramisu,1
terapeutic,1
teritoryo,3
terki,1
terorismo,2
terorista,4
testigos,1
teteng,5
teudas,1
teyatro,1
teyorya,4
the,12
theodoro,1
thiratehanon,1
tholad,1
tiaong,1
tibouk,2
tibuoj,1
tibuok,89
tibuuk,28
tigang,1
tigbakod,1
tigbaligya,1
tigbalita,3
tigbansay,1
tigbantay,2
tigdagit,1
tigdeliber,1
tigdukiduki,2
tigdumala,1
=======
pugaw,2
pugngan,1
pugo,1
pugon,1
pugong,1
puhon,3
pukot,3
pukyutan,1
pulbos,1
pulceras,1
pulismaynila,1
pulisya,5
pulitiko,1
pulo,1
pulong,31
pulonga,2
pulos,6
pulot,1
puloyanan,10
pultahan,14
pumapalit,1
pumauli,2
pumoluyo,1
pumuyo,1
pundo,1
punoan,15
punon,3
punsoy,1
punuan,4
pupitre,1
purok,1
purongpurong,2
purtahan,3
pusil,1
pusilon,1
putang,1
putbol,1
putulon,1
puwa,2
puwede,1
puwedeng,1
puyanan,11
puyopuyo,1
pwaikan,1
pwedeng,2
pwersa,2
pyano,2
querubin,1
rafflesiana,1
rakong,1
rason,9
reaias,1
rebolusyonaryo,1
refeimhanon,1
rehas,1
rehiyon,10
reklamo,2
relasyon,3
relihiyon,3
relihiyong,1
relihiyoso,1
representaive,1
reproduktibo,1
reptilya,1
reserba,4
reserbasyon,1
resolusyon,1
responsibilidad,6
restawran,9
restwran,3
resurreccion,1
retirado,1
retulateated,1
rimmonperes,1
ritrato,3
ritwal,1
roboam,2
ronron,1
rorqual,1
rubenhanon,1
s,3
saakoa,2
saamoa,1
sabaan,1
sabakan,2
sabaw,4
sabong,1
sabta,1
sabulon,1
sacilano,1
sagad,5
sagbot,3
sagdii,1
saging,4
sagol,3
sagolsagol,1
sagop,1
saimoha,2
saimong,2
sakay,1
sakayan,2
sakip,1
sakmiton,1
sakoa,1
sakop,9
sakripisyo,1
saksi,3
sakto,3
saktong,2
sakup,4
sakusina,1
sakyanan,9
salabutan,14
salabutang,1
salag,4
salamangkiro,1
salamin,6
salampati,3
salapi,8
salidaha,1
salig,2
saligi,1
salip,2
salipud,1
sallum,2
salmona,1
salog,5
saluping,1
salusalo,1
samang,1
sambingay,3
samgyupsal,1
samin,2
samla,1
samok,2
samot,1
sampagita,1
sampalok,1
samporado,2
samtang,27
sandalias,1
sangkad,1
sangkap,3
sanglit,5
sangputanan,1
sangtuwaan,1
sanina,4
sanla,2
sanlahon,4
santuaryo,1
saop,1
sapaw,1
sapinit,1
sapinsapin,1
saplong,1
saput,2
saranggola,1
sarsapilya,1
sasac,1
saski,1
satelayt,1
saultraviolet,1
saunang,1
sayal,2
sayaw,2
sayod,1
sayon,4
sayong,2
sayop,17
sayosayo,1
sayri,1
sayup,4
scarletcollared,1
scleractinia,2
scrublands,1
sebanias,1
sedechias,1
seguruhon,1
sekiseiensis,1
sekreto,2
sekso,2
sekswal,1
seksyon,1
sekular,2
sekundaryong,2
selda,1
selumiel,2
semaias,2
semarehanon,1
semarias,1
semei,2
sementeryo,1
senador,3
sentro,2
sepam,1
sepohan,1
sepora,1
septyembre,1
seramiko,1
serbesa,1
serye,1
seryoso,1
sesyon,1
sharmer,1
si,756
siargao,1
sibdivisio,1
sibilisasyon,2
sibilyan,2
sibma,1
sibo,1
sibot,1
sibsibanan,2
sibuco,1
sibuyas,1
sichem,1
siclag,1
siclo,4
sigarilyas,1
sigeg,1
sigurado,1
siguradong,1
sigurjonsson,1
sikat,2
siklo,2
sikreto,1
silag,7
silangan,4
silangang,1
silay,4
silingan,6
siloe,1
silopin,1
silot,5
simana,1
simaribel,1
simbahan,7
simbahon,1
simboryo,1
simron,1
simronmeron,1
sinabawan,1
sinagbunga,1
sinagoga,3
sinaktan,1
sinalapid,1
sinas,1
sindikato,1
sinegwelas,1
sinehan,1
singaw,2
singgalong,1
singkamas,2
singko,3
singkol,1
singkwenta,1
singsing,6
sinilotan,1
sinina,2
sining,1
sinogo,1
sinsero,1
sinugboanon,1
sinugdan,3
sinugdanan,2
sinugo,1
sinuholan,1
sinuka,1
sinulat,3
sinulatan,3
sinultian,6
sinultihan,4
siopao,1
sipilyohan,1
sipit,1
sipon,1
siradan,1
sirado,2
siradui,1
sirianhon,1
sirit,1
sirpinti,2
sisig,3
sistemang,1
sitenta,1
sitwasyon,5
siyag,10
siyagit,1
siyam,10
siyay,17
siyensiya,1
siyensiyang,1
siyete,1
siyopaw,2
siyudad,16
skwelahan,1
sobal,1
solbahon,1
solong,1
solusyon,1
soolohiya,2
sopas,1
sopistikado,1
sorathihanon,1
sorbete,1
sosyal,2
steypler,1
storya,3
storyahon,1
strikto,1
stroberi,1
studantae,1
sturya,1
subawan,1
sublion,1
submarino,1
subo,1
subontane,1
sudlanan,3
sugat,1
sugaton,1
sugbo,1
sugbu,2
sugilambong,1
suginli,1
sugoa,2
sugod,7
sugpo,1
sugyot,2
suham,1
suhitanhon,1
suhol,3
sukad,21
sukaran,1
sukaranan,1
sukli,1
suklob,1
sukod,2
sukodon,1
sukwahi,1
sulat,7
sulata,1
sulatan,1
sulatanan,3
sulati,1
sulayan,1
sulob,1
sulod,51
sulodgawas,1
sulogoon,10
sulogoong,1
sulpa,1
sulti,9
sultia,1
sultihan,1
sultihi,3
sultion,1
sulud,6
sulugoon,3
sumala,25
sumasama,1
sumbanan,3
sumbanon,1
suminggit,1
sumulod,2
sumulti,3
sumusunod,1
sundalo,4
sundaloha,1
sundanan,1
sundang,1
sundon,2
sundoon,1
sunduon,1
sungay,2
sungkod,3
sunod,19
sunodsunod,1
sunog,4
sunogon,1
suod,2
suoton,1
suporta,3
suportahan,1
supot,1
surbey,1
suroyanan,10
susama,1
suspek,5
suspetsado,7
suthala,2
suwat,1
suwayan,1
suwerte,2
suweter,1
sweldo,1
swerte,5
syensya,3
syentipiko,1
symbiodinium,1
syudad,4
taanach,1
tabako,1
tabang,12
tabangan,1
tabletas,1
tabok,1
tabon,1
tabunok,1
tabunon,2
tagaan,2
tagabantay,1
tagadidto,1
tagae,2
tagaeuropa,2
tagagawas,1
tagai,1
tagak,1
taganazaret,1
taganehelam,1
tagapiraton,1
tagas,3
tagaseirofenicia,1
tagbaya,1
tagda,3
taginit,1
tagiya,5
tagna,1
tagnaa,1
tagoanan,4
tagsa,2
tagsatagsa,16
tagsulat,1
tagtukod,1
tagtulo,1
taguan,1
taguangkan,1
taguigpateros,1
tahath,2
taho,3
tahong,1
takdang,1
takna,2
taknaa,1
takom,1
takong,2
takus,2
talaan,1
talagsa,1
talagsaon,4
talagsaong,1
talanawon,1
talatingan,1
talawan,1
talikala,2
taliwala,40
talong,1
taludtod,5
tamalis,1
tamaraw,1
tamatama,1
tamayon,2
tambag,5
tambal,2
tambalan,1
tamboanan,1
tambok,21
tamdanan,1
tamis,4
tamnanan,3
tanaman,9
tanan,150
tanang,54
tanaw,6
tanawa,12
tanawon,2
tanazul,1
tandaan,1
tandag,1
tandang,1
tanggalon,1
tanghagang,1
tanghal,1
tangkaw,1
tangke,1
tangtangon,1
tanguile,1
tanmanan,2
tanom,11
tanum,6
taoista,1
tapad,6
tapolan,1
tapsilog,1
tapulan,4
tapulaon,1
tapus,7
tapuson,1
tarbaho,6
tarong,6
tarsis,1
tartanelya,5
tarungon,1
tasang,1
tatay,3
tatoeba,3
taudtaoran,1
taurotragus,2
tawag,1
tawaga,1
tawagi,4
tawantawan,1
tawgon,1
tawhana,2
tawhanon,1
tawhanong,2
tawo,197
tawohana,9
tawong,26
taytayan,1
tekel,1
telebisyon,3
telepono,2
teorya,1
teritoryo,2
terorista,2
teteng,1
the,6
thiratehanon,1
tibok,1
tibouk,1
tibuok,23
tibuuk,13
tigalagad,1
tigbalita,1
tigbantay,1
tigdagit,1
tigdukiduki,2
>>>>>>> 9dfe370b30e15142589708a5424f55a0604acdbd
tiggamit,1
tighigugma,1
tighimo,1
tigiay,1
tigkolekta,1
<<<<<<< HEAD
tigmaneho,1
tigom,1
tigpamaba,3
tigpamalita,1
tigpana,2
tigpanamilit,1
tigpangayam,2
=======
tigpamaba,1
tigpamalita,1
tigpanamilit,1
>>>>>>> 9dfe370b30e15142589708a5424f55a0604acdbd
tigpasiugda,1
tigpasundayag,1
tigpataliwala,1
tigpatay,1
<<<<<<< HEAD
tigprotekta,1
tigsulat,2
tigtatoeba,1
tigtukod,1
tigulang,53
tigum,3
tiguma,1
tigumon,2
tiguwang,10
tiil,44
tiilan,3
tikaa,1
tikang,2
tikasan,2
tikaw,2
tikbalang,1
tikod,1
tiktik,1
tiktok,1
tikuko,1
tilapya,1
tilawan,3
tililing,1
timaan,14
timaho,2
timane,1
timawa,2
timbang,1
timbangan,4
timbangon,1
timnah,1
timnat,1
timogan,1
timogsilangang,1
timolan,2
timons,1
timpla,1
timplahan,1
timri,1
timugan,1
timus,1
tinabonan,1
tinae,5
tinagalog,1
tinagdan,1
tinaggatus,4
tinagkaliman,1
tinago,5
tinagoan,2
tinagpito,2
tinagsa,1
tinaguang,1
tinagurha,2
tinalay,1
tinanim,1
tinanom,2
tinapa,2
tinapay,58
tinapaya,1
tinapayngagipahamutangsaatubangan,1
tinapok,1
tinaw,9
tinawhanon,1
tinawo,1
tinbitay,2
tindahan,62
tindera,3
tindog,4
tinedyer,1
tingali,39
tingalig,1
tingani,4
tingdagdag,1
tinggutom,1
tinghugyaw,12
tinginit,21
tingkoy,1
tinglagas,1
tingog,62
tingpamulak,3
tingtugnaw,8
tingub,3
tingug,4
tinguha,7
tinguhaon,2
tingulan,1
tinguwan,1
tinidor,3
tininit,1
tinipigan,1
tinood,16
tinoud,8
tinouhan,1
tintaang,1
tintahi,2
tintalon,1
tintang,3
tintuong,1
tinubdan,4
tinubuang,1
tinudlo,4
tinudlong,1
tinugyanan,11
tinuig,3
tinukod,1
tinulo,1
tinunan,6
tinunana,1
tinunaw,5
tinunglo,15
tinuod,120
tinuohan,3
tinuond,1
tinutong,14
tinuud,7
tinuyo,3
tinuyod,1
tipiganan,1
tipik,1
tipikal,2
tipon,1
tiquico,1
tirad,1
tirahon,2
tirong,2
tirsa,2
tisis,1
tistinga,1
tistingan,1
tisyu,2
titik,1
titip,1
titser,1
tiunuod,1
tiwala,1
tiya,3
tiyan,15
tiyera,18
tiyo,4
tkaayo,1
tmoas,1
toalya,1
tocino,6
tokhang,1
tokwa,6
tolda,2
tolonggon,1
tomaskay,1
tomassa,1
tomno,1
tonelada,3
tongantongan,1
tonoc,1
toong,2
torneyo,1
tortilya,1
toryo,1
tosilog,7
tosino,2
tosokoleyt,1
totolo,26
totong,12
touhan,1
trabahador,1
trabahante,3
trabahanti,1
trabaho,114
trabahoa,2
trabahoan,4
trabahong,1
trabahoon,2
trabahoonbuluhaton,1
trabahuon,3
tradisyon,1
tradisyonal,3
trahediya,1
trahedya,4
trajano,1
trangkaso,1
translasyon,1
trapik,3
trapo,1
tratuha,1
traydor,2
traydoron,1
traynta,1
trayntay,1
traysikel,1
traysikol,3
trianggulo,6
tricas,1
trilyon,1
tripulante,3
trompeta,2
tropa,1
tropeo,1
tropikal,2
tropiko,1
trsamporado,1
trumpeta,1
tsaa,14
tsaahan,2
tsaahanan,1
tsaanan,1
tsaao,1
tsakita,1
tsamporado,3
tsampoy,1
tsampurado,6
tsanan,2
tsandelyer,2
tsansa,2
tseke,1
tseri,5
tsina,10
tsinelas,3
tsismisa,1
tsitsaron,13
tsok,2
tsokolate,32
tsokolateriya,2
tsokolaterya,4
tsokolet,1
tsokoleyt,5
tualya,3
tuara,2
tubag,28
tubaga,4
tubagon,4
tubalcain,2
tubig,180
tubiga,4
tubigi,2
tubigsaluran,1
tubod,1
tuburan,5
tudaya,1
tudling,1
tudlingpulong,2
tudlo,16
tudloan,6
tudloe,2
tudloi,3
tudluan,1
tudlui,3
tueg,1
tugahala,1
tugan,1
tugani,2
tugkaran,5
tugnaw,9
tugnawa,1
tugon,22
tugotan,3
tugoti,6
tugpahanan,4
tugtan,1
tugti,1
tugtog,5
tugtoga,1
tugtug,3
tugtuga,1
tugtugan,1
tuguegarao,1
tugutan,2
tuguti,1
tuhod,5
tuid,1
tuig,290
tuiga,4
tuigtuig,2
tuison,1
tuka,1
tukar,1
tukbonon,4
tukma,1
tukmo,6
tuko,4
tukog,1
tukoran,1
tukuran,1
tukuri,1
tulaa,1
tulay,11
tulganan,2
tulid,3
tulisan,1
tulo,78
tulog,5
tulomanon,20
tuloohan,2
tulukbon,2
tulumanon,1
tulunghaan,4
tumaga,2
tumambo,1
tumana,2
tumang,1
tumanon,3
tumara,1
tumatabang,2
tumbaga,9
tumbagang,1
tumindog,7
tumindok,1
tumong,9
tumoo,2
tumoy,15
tumugot,1
tumungas,4
tumungha,1
tunan,3
tunawa,1
tungan,1
tungang,12
tungasan,1
tungatunga,6
tungawan,2
tunghaan,7
tungid,1
tungloha,1
tungo,1
tungod,481
tungora,3
tungot,1
tungtonganan,4
tungtunga,1
tungtunganan,3
tunok,4
tunukon,1
tunutong,1
tuod,12
tuohan,1
tuon,9
tupad,10
turkiko,1
turones,1
turrones,2
tusok,1
tutog,1
tutoki,1
tutuk,1
tutunlan,4
tuwalya,4
tuyoa,1
tuyok,1
tuyora,4
tuyoron,1
tuyua,1
tylandes,1
uban,361
ubanan,7
ubang,38
ubanon,2
ubas,5
ubay,3
ubayubay,6
ubeng,2
ubihon,2
ubos,19
ubus,1
udto,16
udtong,1
udunay,1
udyong,6
ugaling,12
ugangan,12
ugat,2
ugmang,1
ugmaron,3
ugod,6
ugpilosopiya,1
ugssi,1
uhan,1
uhaw,2
uhay,8
uhong,3
ulahi,55
ulahing,7
ulang,1
ulanngayelo,5
ulanulan,1
ulat,2
ulian,1
uling,4
ulipon,66
ulitawo,1
uloabaga,1
ulod,2
ulohan,4
ulohang,3
uloulo,2
ulyses,1
ulyssesroldan,1
umaabot,13
umaabut,2
umabut,1
umabutay,2
umadto,17
umagad,5
umahan,1
umahi,1
umalabut,2
umang,1
umanhi,2
umari,16
umingon,4
uminum,2
umuban,2
umunlad,1
unaang,1
unagtuo,1
unahan,23
undangan,3
undangi,3
undangon,2
unggoy,10
ungkoy,1
unibersal,1
unibersidad,9
uniberso,7
uniporme,4
unlan,3
unloray,1
unod,63
unom,35
unsang,80
unsaon,71
unsay,102
unsoan,1
untag,1
untang,1
untay,2
unya,345
unyag,4
unyang,6
unyay,3
uogsuman,1
upahan,1
upang,1
upat,63
upaw,2
upharsin,1
upod,1
urugway,1
urugwayano,1
usab,369
usabon,6
usabug,1
usagusa,6
usahay,42
usang,1
usara,1
usbon,1
ushibuka,1
usiki,1
usikusik,2
usob,2
utang,5
utanon,4
utgan,1
utlanan,41
utok,11
utokan,7
utot,3
utoy,1
utruhon,1
utukan,2
uuma,1
uwahi,1
uwak,13
uwan,1
uwang,3
uwat,1
uwaw,1
uyab,23
uyabna,1
uyamot,1
uyamut,9
uyoan,15
uyon,19
uyuan,2
uzal,2
uzza,2
uzzias,2
v,2
vaheb,1
vanias,1
venson,2
veralang,1
veritasan,1
vermhlen,1
vhon,1
vhong,1
vieron,2
villaflor,1
villarao,1
vinluan,1
vintas,1
viridifacies,1
vizcayaifugaomt,2
vlogger,2
wadon,1
wagalang,1
wagtangon,2
wakay,1
walaa,1
walay,698
walaybili,2
walaycircuncicion,1
walaypagtagad,3
walaypulos,2
waldeni,1
walis,1
walo,17
walog,27
walong,1
wanang,3
wasche,1
waytumbas,1
websayt,4
weinner,1
welga,4
wenceslao,1
whitetip,1
wikend,2
willisae,1
wiski,2
witholden,1
witwit,2
witwitan,4
wlaa,1
wlay,2
wolterecki,1
wonggong,1
wroblewitz,1
y,2
yabi,3
yahong,1
yakal,1
yamis,2
yamog,1
yarda,1
yatsuhashi,1
yawi,2
yawit,4
yawyaw,4
yero,1
yeyeng,1
yotsuba,1
yoyong,1
yubitonon,1
yugto,1
yugyoga,1
yungipicus,1
yunya,1
yuropyano,1
yutaa,25
yutaan,1
zabad,1
zabdi,2
zabulon,18
zabulonhon,2
zachai,1
zaijian,1
zalmunna,2
zamboanggahanon,1
zanjoe,1
zapote,1
zebadias,2
zecher,1
zepon,2
zerahanon,2
zeres,1
zibeon,1
zichri,3
zigggy,1
zilithai,1
zilpa,3
zimperium,1
zimram,1
ziph,1
ziphion,1
zipon,1
zippor,2
zoan,2
zoolohiya,1
zooxabthellate,1
zooxanthellate,11
zosteropidae,1
zosterornis,1
zubu,1
=======
tigtatoeba,1
tigulang,9
tigum,1
tiguma,1
tigumon,1
tiguwang,2
tiil,15
tiilan,2
tikang,1
tikbalang,1
tikuko,1
tilawan,1
timaan,3
timane,1
timbangan,2
timbangon,1
timog,1
timolan,2
timplahan,1
timri,1
timugan,1
tinae,5
tinago,3
tinagpito,2
tinaguang,1
tinai,1
tinamay,1
tinapa,1
tinapay,10
tinaw,4
tindahan,15
tindera,2
tindog,1
tingali,15
tingani,2
tingdagdag,1
tinggutom,1
tinginit,6
tingkoy,1
tinglagas,1
tingog,16
tingpainit,1
tingpamulak,1
tingtugnaw,1
tingub,1
tingug,1
tinguha,4
tininit,1
tinood,2
tinoud,1
tinouhan,1
tintalon,2
tintang,1
tinubdan,4
tinugyanan,1
tinulo,2
tinunan,1
tinunglo,5
tinuod,32
tinuohan,4
tinuoray,1
tinutong,4
tinuud,3
tinuyod,1
tipik,1
tipon,1
tiquico,1
titip,1
tiwala,1
tiya,1
tiyan,4
tiyera,2
tocino,2
tokwa,1
tolda,1
tonelada,3
tosilog,1
totolo,3
totong,3
trabaho,19
trabahong,1
trabahoonbuluhaton,1
tradisyonal,2
trahedya,1
translasyon,1
trapo,1
tratuha,1
trayntay,1
traysikol,2
traytay,1
treeshrew,1
trese,1
tricas,1
tripulante,1
trompeta,1
tropa,1
tsaa,3
tsaahan,1
tsampoy,1
tsampurado,2
tsandelyer,1
tseri,1
tsina,3
tsinelas,1
tsok,1
tsokolate,5
tsokolateriya,1
tsokoleyt,1
tuara,1
tubag,4
tubaga,2
tubbataha,1
tubig,45
tubonosed,1
tuburan,3
tudlo,2
tudloe,1
tugahala,1
tugnaw,1
tugon,6
tugotan,1
tugoti,3
tugpahanan,1
tugti,1
tuguti,1
tuig,64
tuison,1
tuka,1
tukbonon,3
tukma,1
tukmo,2
tukog,1
tulay,1
tulid,1
tulo,15
tulog,2
tulomanon,3
tuloohan,1
tulunghaan,1
tumanon,1
tumatabang,1
tumbaga,2
tumindog,1
tumoy,12
tumugot,1
tumungas,2
tungang,2
tungatunga,3
tungawan,1
tunghaan,1
tungod,144
tungora,2
tungtunga,1
tunob,1
tunok,1
tuod,5
tuon,4
tupad,3
turrones,1
tutoki,1
tuyora,1
tuyua,1
uban,98
ubanan,1
ubang,23
ubanon,1
ubayubay,3
ubeng,1
ubos,8
ubus,1
udto,2
udyong,3
ugaling,4
ugod,3
uhay,1
uhong,1
ulahi,16
ulahing,2
ulap,1
uling,1
ulipon,15
uloabaga,1
ulohan,1
ulohang,1
umabutay,1
umadto,2
umagad,1
umahi,1
umalis,1
umari,3
umingon,1
uminum,3
umpisa,1
umuna,1
unahan,8
unggoy,4
unibersidad,2
uniporme,1
unloray,1
unod,5
unom,11
unsang,24
unsaon,15
unsay,22
unta,35
untay,1
unya,84
unyag,2
unyang,2
upat,14
upaw,7
upawon,1
upharsin,1
usab,101
usabug,2
usahay,10
utang,2
utanon,1
utgan,1
utlanan,9
utok,4
utokan,1
utot,1
utukan,2
uwahi,1
uwak,2
uwan,1
uwat,1
uwaw,2
uyab,4
uyamut,1
uyoan,3
uyon,3
uzal,1
uzzias,1
v,2
vanias,1
veritasan,1
vermhlen,1
vintas,1
viridifacies,1
vizcayaifugaomt,1
wagalang,1
wagtangon,1
walay,162
walaypagtagad,4
walo,6
walog,3
walong,1
waterbuckstopisug,1
wati,1
waytumbas,1
welga,1
witholden,1
witwitan,2
wroblewitz,1
yamog,1
yawyaw,2
yubitonon,1
yutaa,5
yutaan,1
zabulon,1
zachai,1
zepon,1
zilpa,2
zimperium,1
ziphion,1
zoan,1
zoolohiya,1
zooxabthellate,1
zooxanthellate,1
>>>>>>> 9dfe370b30e15142589708a5424f55a0604acdbd
zurisaddai,1
